Electricty Consumption,Units,1980,1981,1982,1983,1984,1985,1986,1987,1988,1989,1990,1991,1992,1993,1994,1995,1996,1997,1998,1999,2000,2001,2002,2003,2004,2005,2006,2007,2008,2009,EC_2010,EC_2011,EC_2012,EC_2013,EC_2014,2015,2016
Afghanistan,Billion Kwh,0.87606,0.92256,0.88536,0.93,0.94767,0.96162,1.05555,1.13274,1.0044,1.01277,1.02114,1.04477,0.76805,0.72961,0.75017,0.68544,0.62057,0.56407,0.5278,0.52315,0.53431,0.65056,0.73891,0.97327,0.93142,0.97362,1.21041,1.48878,1.4290493,2.027433,2.442759,3.033989,3.91916,4.59336,4.71533,4.86338,5.52623
Albania,Billion Kwh,2.974,2.987,2.981,2.975,2.977,3.039,3.027,3.441,3.205,3.431,1.659,1.715,1.443,1.727,2.017,2.152,2.79,2.084,2.2,3.482,3.75836,3.54878,4.54556,4.11058,3.7776,3.7388,2.99142,3.69368,4.053,4.302,4.60644,5.08726,4.3699,4.552,5.012,5.07,5.11
Algeria,Billion Kwh,5.915,6.713,7.733,8.207,8.959,9.686,10.343,11.119,11.954,12.19,12.734,13.034,14.035,14.039,14.365,14.474,15.172,15.365,16.905,18.492,19.71552,20.64764,21.62354,23.61164,24.42506,27.5164,26.91052,28.3348,30.49982,28.315,33.8405,38.23668,43.0605,45.3944,49.40472,53.55944,55.95922
American Samoa,Billion Kwh,0.0651,0.06231,0.06231,0.06603,0.06417,0.07719,0.06975,0.07533,0.08463,0.0837,0.08742,0.09486,0.09486,0.10695,0.11346,0.11997,0.12462,0.13113,0.13671,0.14136,0.14787,0.14973,0.15624,0.16461,0.16461,0.16554,0.16833,0.17112,0.17391,0.16554,0.14787,0.14415,0.14601,0.14508,0.14508,0.15159,0.15717
Angola,Billion Kwh,0.736,0.737,0.815,0.832,0.86,0.826,0.886,0.894,0.893,0.899,0.958,0.899,1.013,1.062,1.071,1.074,1.085,1.216,1.328,1.106,1.19302,1.35274,1.45868,1.64976,1.59608,2.06798,2.85054,2.7178,3.64768,4.13154,4.69024,4.88636,5.33508,7.05006,8.14866,8.39768,9.03624
Antarctica,Billion Kwh,0,0,0,0,0,0,0,0,0,0,0,0,0,0,0,0,0,0,0,0,0,0,0,0,0,0.00186,0.00186,0.00186,0.00186,0.00372,0.00372,0.00372,0.000465,0.000465,0.000465,0.00093,0.00093
Antigua and Barbuda,Billion Kwh,0.05208,0.05487,0.05766,0.06324,0.06603,0.06696,0.07533,0.07905,0.07998,0.08184,0.08277,0.08277,0.08277,0.08277,0.08463,0.08556,0.08556,0.08649,0.08835,0.08835,0.13113,0.14973,0.1674,0.18414,0.19344,0.21204,0.22599,0.24459,0.25203,0.28644,0.296856,0.296205,0.288765,0.288858,0.294438,0.30225,0.30783
Argentina,Billion Kwh,36.845,35.594,36.003,35.484,37.739,37.373,39.01,42.152,42.22,39.924,37.105,39.655,45.292,48.407,49.934,54.938,57.928,62.78,67.908,70.43,73.23106,75.3974,72.47354,79.1129,83.65771,88.61302,97.92409,100.33261,103.75082,104.1911,111.073,106.4892,110.69924,110.05962,115.28704,124.90838,121.00028
Armenia,Billion Kwh,NA,NA,NA,NA,NA,NA,NA,NA,NA,NA,NA,NA,6.358,3.724,3.273,2.858,3.486,4.281,3.671,3.88,3.69148,3.6946,3.44126,3.69574,4.19614,4.16382,4.43884,4.776465,4.55743,4.48976,4.63072,4.9886,5.04306,5.19162,5.29666,5.32994,5.29114
Aruba,Billion Kwh,NA,NA,NA,NA,NA,NA,0.25482,0.27807,0.28644,0.31062,0.29574,0.29667,0.29853,0.46407,0.4929,0.53847,0.56079,0.59055,0.63798,0.64542,0.6789,0.7068,0.72075,0.73563,0.75609,0.79515,0.79422,0.8184,0.79887,0.83607,0.874293,0.866295,0.85095,0.87699,0.87234,0.89745,0.87327
Australia,Billion Kwh,78.227,81.717,88.356,89.591,95.546,99.889,106.969,111.642,120.921,128.119,135.404,137.996,140.1334,143.988,147.502,152.334,156.54566,161.721,172.088,176.177,182.96956,193.37082,199.56076,200.58156,205.16246,200.1373,204.13084,214.77298,214.63906,220.032,222.39742,223.54302,222.80146,223.23034,223.69664,225.29574,229.4401
Austria,Billion Kwh,33.974,33.937,34.472,35.164,37.034,38.56,39.02,30.376,41.956,43.323,44.305,47.242,47.107,46.183,46.871,47.945,49.725,50.322,51.118,52.336,53.33642,55.44718,55.9188,57.81084,58.96108,60.53582,62.95448,63.31914,63.38922,60.795,62.25426,62.59772,63.22212,63.8294,62.96426,63.7846,64.6041
Azerbaijan,Billion Kwh,NA,NA,NA,NA,NA,NA,NA,NA,NA,NA,NA,NA,15.248,14.334,14.594,13.724,13.614,14.12,14.76,15.118,15.4061,15.56992,16.13262,18.30104,19.08472,17.26646,19.43242,16.98402,16.69734,13.47952,13.56822,14.55992,17.79298,18.38526,19.59206,20.27446,20.23528
"Bahamas, The",Billion Kwh,0.74307,0.66402,0.70866,0.76167,0.75702,0.78678,0.79143,0.79329,0.79515,0.8091,0.83049,0.99231,1.01835,1.06392,1.11693,1.09647,1.12809,1.19226,1.29549,1.36152,1.45545,1.51218,1.59588,1.6833,1.66907379,1.761792,1.79265219,1.90204809,1.9065,1.80885,1.693995,1.732218,1.597647,1.583697,1.61727,1.68237,1.65354
Bahrain,Billion Kwh,1.44522,1.58007,1.74933,1.93719,2.178,2.553,2.807,2.829,3.065,3.08,3.039,3.128,3.466,3.788,4.113,4.273,4.499,4.653,4.967,5.206,12.466,13.161,13.795,14.452,14.78,17.794,19.346,20.024,19.797,19.93,20.95556,21.43722,21.7183,23.02884,24.55682,26.10196,26.1054
Bangladesh,Billion Kwh,1.834,2.231,2.565,2.676,2.989,3.135,3.58,3.765,4.121,5.019,5.022,5.49,6.65,7.513,8.237,8.616,8.989,9.38802,10.16605,11.3391,12.456,13.98606,15.22806,16.31784,21.23052,23.4765,27.469,27.608,28.037,30.831,34.12934,37.08294,39.8979,42.95784,46.12852,48.98878,53.64754
Barbados,Billion Kwh,0.261,0.265,0.277,0.264,0.305,0.312,0.322,0.364,0.385,0.376,0.396,0.46,0.477,0.474,0.498,0.529,0.564,0.599,0.615,0.662,0.703,0.735,0.771,0.81,0.836,0.891,0.9134,0.9379,0.968,0.978,0.988,0.937,0.941,0.916,0.917,0.962,0.99
Belarus,Billion Kwh,NA,NA,NA,NA,NA,NA,NA,NA,NA,NA,NA,NA,38.66,33.326,29.627,26.951,27.091,28.506,26.322,28.436,28.36256,24.70802,26.35038,26.59406,29.01344,29.5093,30.42908,30.5467,31.03038,29.46572,31.73564,32.44988,33.15724,32.66246,32.79818,31.7617,31.7213
Belgium,Billion Kwh,45.18,45.201,44.89,46.045,48.247,50.037,51.298,53.794,56.049,57.832,59.032,61.818,63.968,64.663,67.735,69.71,71.19,73.00595,74.89311,75.298,78.53076,79.28752,80.098,81.41356,83.23096,82.76408,85.2971,85.12744,85.09678,78.94878,84.91314,82.6685,83.13036,83.27955,81.41978,82.15484,82.16411
Belize,Billion Kwh,0.08463,0.08556,0.08649,0.08835,0.09579,0.09951,0.1023,0.10695,0.11625,0.11997,0.13206,0.14694,0.15996,0.17484,0.16275,0.16926,0.17298,0.186,0.178746,0.187116,0.1899339,0.296971,0.319964,0.348273,0.370295,0.390358,0.400099,0.421711,0.406679,0.36823,0.37493,0.37303,0.411,0.439,0.435,0.446,0.453
Benin,Billion Kwh,0.101,0.115,0.155,0.155,0.137,0.142,0.14,0.135,0.131,0.15,0.165,0.176,0.229,0.221,0.252,0.242,0.2787,0.2797,0.2707,0.3147,0.39008,0.39516,0.39834,0.48832,0.5402,0.58264,0.61,0.66198,0.73844,0.77938,0.90816,0.90494,0.93412,0.96748,0.93466,1.07062,1.143
Bermuda,Billion Kwh,0.28923,0.2976,0.30783,0.32085,0.33294,0.3441,0.35991,0.38037,0.40083,0.40734,0.42873,0.44826,0.45198,0.45291,0.46035,0.4557,0.45942,0.46314,0.4743,0.5115,0.55335,0.598624091,0.59799,0.58032,0.58326252,0.60676548,0.61975293,0.6282615,0.63705,0.6451596,0.63836223,0.62682,0.61194,0.59241,0.5766,0.58962,0.6045
Bhutan,Billion Kwh,0.01988,0.0246,0.02746,0.02446,0.0276,0.03123,0.03772,0.0431,0.03876,0.04469,0.04764,0.05673,0.05065,0.07565,0.09087,0.12488,0.24529,0.38853,0.31412,0.29419,0.28949,0.402623,0.516,0.555,0.597,0.595,0.721,0.924,1.134,1.43,1.9895,1.6897,1.8367,2.0627,2.1397,2.1207,2.1837
Bolivia,Billion Kwh,1.426,1.5,1.527,1.504,1.365,1.331,1.283,1.318,1.628,1.717,1.813,2.006,1.983,2.014,2.366,2.542,2.721,2.923,3.093,3.314,3.39614,3.37718,3.48538,3.60254,3.76486,4.194,4.539281,4.922107,4.913,5.185,5.70344,6.11594,6.45624,6.9909,7.36646,7.8963,7.78506
Bosnia and Herzegovina,Billion Kwh,NA,NA,NA,NA,NA,NA,NA,NA,NA,NA,NA,NA,5.324,3.157,3.554,3.205,3.916,4.373,5.484,5.105,7.3399,7.38858,7.48098,7.8861,8.27506,8.54176,8.47288,8.45802,10.56564,10.17526,11.06712,11.54442,11.90798,11.6241,11.3305,11.44032,11.87088
Botswana,Billion Kwh,0.41199,0.47686,0.53677,0.56362,0.59985,0.64708,0.74034,0.85878,0.816,0.80621,0.87636,0.92347,1.09184,1.11411,1.28092,1.31371,1.39087,1.5571,1.571,1.749,1.71218,2.0224,2.19824,2.36456,2.47878,2.57598,2.663,2.754,2.953,2.829,3.15208,3.15432,3.208,3.34768,3.60428,3.72904,3.63584
Brazil,Billion Kwh,121.7838,124.1572,131.69046,145.44532,161.9187,171.04538,186.48074,190.47542,200.76276,208.72774,212.64456,222.44502,228.10914,239.094122,247.990752,261.50987,277.74329,290.86791,302.90687,310.61948,321.99852,304.48298,318.97716,336.86862,353.29366,367.88328,382.53928,404.16758,419.80854,418.53774,455.64932,471.2818,488.37456,504.34172,517.64588,509.99612,509.07898
Brunei,Billion Kwh,0.424,0.459,0.51,0.653,0.749,0.819,0.867,0.892,0.998,1.038,1.11,1.178,1.237,1.39,1.515,1.779,1.953,2.234,2.324,2.26,2.36142,2.11726,2.19894,2.60754,2.94616,2.89416,2.92412,3.0263,3.05362,3.17728,3.19648,3.23262,3.45132,3.729,3.94676,3.67912,3.77086
Bulgaria,Billion Kwh,33.232,34.575,36.871,38.5,40.173,39.663,39.141,40.877,41.992,42.68,38.786,33.505,29.857,30.235,30.2755,33.218,34.733,30.066,30.012,27.362,27.4082,27.33136,28.27948,28.01322,27.82862,28.7814,30.03836,31.084732,31.71058,30.04748,30.20804,31.72294,31.19088,30.42858,30.86352,31.90892,32.34035
Burkina Faso,Billion Kwh,0.09114,0.10044,0.10695,0.10881,0.10509,0.10695,0.11346,0.12369,0.13299,0.14229,0.16182,0.16926,0.1767,0.19065,0.19158,0.21576,0.24459,0.26226,0.29016,0.32364,0.29574,0.37011,0.4493756,0.48253566,0.53517762,0.58020524,0.62215825,0.6648136,0.68351669,0.76250688,0.88999,0.99534,1.10462,1.221223,1.307516,1.383695,1.5507
Burma (Myanmar),Billion Kwh,1.11,1.022,1.102,1.139,1.246,1.514,1.538,1.571,1.417,1.546,1.734,1.614,1.771,2.055,2.207,2.349,2.407,2.719,2.759,2.919,3.30344,3.03898,3.61858,4.029,3.92994,3.45286,4.15166,4.2362,4.50694,4.83752,6.09332,7.658,7.76904,9.32556,10.86332,12.93174,14.93462
Burundi,Billion Kwh,0.04179,0.04472,0.04072,0.05925,0.07313,0.08571,0.08366,0.10035,0.10872,0.10879,0.11737,0.12716,0.12158,0.1373,0.15088,0.13967,0.14474,0.14753,0.13223,0.12707,0.123,0.14288,0.15404,0.14686,0.14856,0.16121,0.16242,0.18674,0.18109,0.20546,0.233477,0.23571,0.2385,0.25924,0.2574,0.34431,0.38272
Cambodia,Billion Kwh,0.08928,0.09579,0.09951,0.09393,0.08928,0.09858,0.10695,0.11625,0.12555,0.13299,0.14229,0.14694,0.15438,0.15996,0.16647,0.206,0.238,0.25,0.275,0.284,0.38218,0.38652,0.59712,0.64116,0.61662,0.8317,1.02134,1.29056,1.50598,1.73142,2.0146,2.3512,3.22166,3.51242,4.0689,4.96894,5.8573
Cameroon,Billion Kwh,1.325,1.737,2.009,1.952,1.972,2.193,2.044,2.082,2.253,2.364,2.323,2.334,2.318,2.324,2.231,2.203,2.341,2.483,2.505,2.645,2.68272,2.59298,2.49792,2.76264,3.2696,3.25408,4.40374,4.6358,5.01868,5.10124,5.1822,4.70122,4.90916,5.11766,5.36456,6.09114,6.41082
Canada,Billion Kwh,309.4796186,319.0600113,319.1662899,331.6464341,356.7081734,372.3717488,389.3891382,405.2340648,422.240689,434.636367,433.831893,439.86871,444.721821,455.057803,459.639142,466.695881,473.650624,482.485399,479.434168,490.031692,505.223524,505.602054,513.18264,528.230048,534.063122,531.038961,522.323335,535.413361,529.806929,508.600661,510.094189,523.46204,516.4634,532.92852,535.06812,524.29262,522.15171
Cape Verde,Billion Kwh,0.01395,0.01395,0.01953,0.02046,0.02418,0.02511,0.02604,0.02883,0.03069,0.03069,0.03627,0.0465,0.05301,0.06138,0.06975,0.07254,0.07719,0.08184,0.08928,0.1023,0.12834,0.14415,0.15903,0.17391,0.19158,0.20646,0.21948,0.23529,0.2511,0.26133,0.30225,0.32178,0.33201,0.3534,0.37107,0.36549,0.36735
Cayman Islands,Billion Kwh,0.05394,0.06138,0.07254,0.08277,0.09672,0.10881,0.11997,0.14043,0.15531,0.17019,0.19716,0.2046,0.20553,0.22041,0.24924,0.25947,0.26133,0.26226,0.26412,0.2883,0.3702237,0.3949803,0.416733,0.43059,0.4516359,0.36642,0.45198,0.50778,0.529,0.5484,0.5405,0.541,0.548,0.556,0.568,0.586,0.612
Central African Republic,Billion Kwh,0.06231,0.06138,0.0651,0.06324,0.06696,0.07161,0.08649,0.08463,0.08556,0.08556,0.08649,0.08556,0.08742,0.08835,0.09207,0.093,0.09486,0.09672,0.09486,0.09579,0.09765,0.09858,0.09858,0.09951,0.13857,0.14787,0.15438,0.1488,0.1488,0.14787,0.147963,0.159309,0.162192,0.144522,0.146382,0.140802,0.159402
Chad,Billion Kwh,0.04092,0.04464,0.04557,0.04464,0.04557,0.04743,0.06045,0.07347,0.07068,0.07161,0.07905,0.07626,0.07347,0.07533,0.0744,0.07812,0.07905,0.07905,0.07998,0.07998,0.07998,0.08742,0.09393,0.10044,0.10695,0.11253,0.11346,0.11253,0.13113,0.15996,0.17484,0.19065,0.19344,0.197253,0.197253,0.199299,0.208599
Chile,Billion Kwh,10.41,10.75,10.551,10.771,11.62,12.076,12.926,13.257,14.277,15.501,18.341,18.224,19.224,19.666,21.258,25.635,28.059,30.687,31.643,34.86,38.14374,39.37382,41.3827,44.06254,47.22554,48.37876,50.92482,53.01022,53.5916,53.45744,54.07544,59.30442,63.4112,65.14054,63.40422,68.6251,73.21566
China,Billion Kwh,261.492,268.754,285.858,307.606,330.13,351.318,385.299,425.192,466.479,498.708,549.342,597.204,666.142,738.807,818.535,876.577,920.966,983.495,1017.457,1076.767,1178.033,1314.783,1459.429,1676.829,1955.39,2196.172,2523.947,2891.542,3070.881,3290.14,3713.68162,4178.89156,4435.14858,4845.35802,5066.51356,5251.24586,5563.92854
Colombia,Billion Kwh,16.385,16.697,22.257,22.931,25.177,25.439,28.302,23.559,25.427,27.079,28.171,28.782,26.624,29.652,32.026,33.461,34.127,34.837,34.123,32.625,32.5797,33.87112,34.72002,35.40868,37.43262,37.78808,40.49312,42.21551,42.77246,46.4006,48.12198,50.97278,52.70862,65.57738,62.73972,68.48588,68.25274
Comoros,Billion Kwh,0.00837,0.0093,0.0093,0.01023,0.01116,0.01302,0.01302,0.01302,0.01302,0.01488,0.01395,0.01395,0.01395,0.01395,0.01395,0.01395,0.01488,0.01488,0.01581,0.01581,0.01767,0.02604,0.02883,0.03069,0.03906,0.04185,0.04464,0.04092,0.03999,0.03813,0.04185,0.05487,0.05394,0.05115,0.04743,0.03813,0.03906
Congo (Brazzaville),Billion Kwh,0.144,0.156,0.2,0.192,0.294,0.228,0.369,0.387,0.372,0.386,0.405,0.462,0.44,0.355,0.351,0.355,0.449,0.447,0.324,0.361,0.29394,0.287,0.414,0.38458,0.36298,0.41632,0.46214,0.47868,0.566,0.58446,0.5747,0.61098,0.91532,0.93102,0.90402,0.90106,0.91196
Congo (Kinshasa),Billion Kwh,3.921,3.614,3.561,3.864,4.057,4.366,4.559,4.534,4.672,4.829,4.42,4.384,4.207,3.926,4.031,4.479,4.676,4.386,4.141,4.357,4.53882,4.5667,4.41352,4.57658,4.60852,4.82758,5.6778,6.06784,6.03624,6.5889,6.67384,7.12772,7.68356,8.29096,7.93624,7.20194,7.43016
Cook Islands,Billion Kwh,0.0093,0.01023,0.0093,0.00837,0.0093,0.01023,0.01116,0.01209,0.01209,0.01302,0.01395,0.01395,0.014043,0.014043,0.014043,0.017763,0.017763,0.017763,0.017763,0.019623,0.022413,0.022413,0.024273,0.025203,0.0252309,0.0252309,0.0280209,0.0289509,0.0298809,0.0289509,0.0298809,0.0298809,0.027993,0.028644,0.02976,0.03069,0.03162
Costa Rica,Billion Kwh,1.879,2.133,2.05,2.201,2.362,2.547,2.738,3.099,3.039,3.177,3.305,3.553,4.204,4.529,4.771,4.28,4.494,5.029,4.84,5.517,5.90046,6.129,6.26068,6.58258,6.84404,7.27274,7.80891,8.18535,8.31738,8.24294,8.53154,8.60822,8.9872,9.05824,9.18542,9.45752,9.81242
Cote dIvoire (IvoryCoast),Billion Kwh,1.433,1.573,1.607,1.683,1.319,1.68,1.719,2.021,1.863,2.092,1.857,1.463,1.293,1.758,2.014,2.519,2.279,2.459,2.724,2.629,2.66284,2.8679,2.8131,2.8557,2.8844,2.89188,3.15122,3.34606,3.59016,3.7815,4.14432,3.86934,4.73334,4.77744,5.82782,5.67276,6.24494
Croatia,Billion Kwh,NA,NA,NA,NA,NA,NA,NA,NA,NA,NA,NA,NA,9.991,9.858,10.092,10.448,10.11,11.507,12.963,12.179,12.18404,12.34516,12.74052,12.83796,13.5151,14.23518,14.97544,15.45288,16.10266,15.28908,16.37912,16.3507,15.95914,15.46968,15.47806,15.86332,15.93394
Cuba,Billion Kwh,9.493,9.973,10.316,10.443,11.06,10.891,11.754,12.036,12.767,13.245,12.316,10.361,10.341,9.278,9.245,9.437,10.1,10.747,10.751,11.3231,11.82116,12.06946,12.39386,12.50338,12.337404,12.11686,12.86146,13.630066,13.86138,13.97112,13.61762,13.94378,14.46336,15.10058,15.29172,15.98478,16.16212
Cyprus,Billion Kwh,0.904,0.923,0.99,1.076,1.1,1.164,1.249,1.331,1.461,1.627,1.746,1.818,2.102,2.296,2.395,2.21,2.2875,2.375,2.601,2.755,2.98,3.105,3.391,3.65,3.735,3.95,4.152,4.364,4.622,4.667,4.78606,4.48394,4.3124,3.86822,3.92902,4.0689,4.35522
Czech Republic,Billion Kwh,NA,NA,NA,NA,NA,NA,NA,NA,NA,NA,NA,NA,NA,48.63235,50.37085,53.14985,55.006,54.89039,53.983,52.193,53.637,55.48092,55.41756,56.7624,58.1821,59.30822,61.0812,61.48862,62.17362,58.80644,61.04,60.39836,60.47146,60.1675,60.18548,61.3293,62.33942
Denmark,Billion Kwh,21.959,22.198,22.614,22.801,22.523,23.927,26.777,27.795,27.761,28.361,28.868,29.92,30.492,30.788,31.391,31.453,31.911,32.452,32.28073,32.573,32.78184,32.88744,33.20028,33.3268,33.92788,34.55092,34.97284,34.72604,34.356,32.82,33.56184,33.1318,32.85696,32.8284,32.25686,32.52538,33.01776
Djibouti,Billion Kwh,0.1023,0.10695,0.11439,0.12927,0.12741,0.14322,0.1488,0.14973,0.15252,0.15345,0.15624,0.15717,0.15717,0.15903,0.15903,0.16089,0.16182,0.16368,0.16368,0.16368,0.1674,0.16647,0.17484,0.17484,0.18786,0.2232,0.24459,0.28272,0.29667,0.30504,0.33108,0.35991,0.365955,0.374325,0.374325,0.377115,0.377115
Dominica,Billion Kwh,0.01023,0.01116,0.01023,0.01674,0.02232,0.02232,0.02418,0.02511,0.02604,0.02697,0.02697,0.0279,0.0279,0.0279,0.03069,0.04092,0.03906,0.0465,0.05766,0.06603,0.06882,0.07254,0.06603,0.07068,0.07068,0.073656,0.075516,0.076539,0.077469,0.082677,0.088257,0.091047,0.090582,0.090582,0.091512,0.087792,0.103602
Dominican Republic,Billion Kwh,2.514,2.961,2.35,2.344,3.18,3.174,3.526,3.085,3.272,2.379,2.59,2.713,2.412,3.706,3.234,3.627,4.734,4.802,5.175,6.461,5.78666,8.49562,8.72988,9.19538,7.9525,10.5234,11.45994,11.99174,9.957,9.8715,12.01806,12.9124,13.76462,14.80472,14.34068,14.99754,15.64286
Ecuador,Billion Kwh,2.7,3.01,3.16,3.338,3.218,3.752,4.069,4.176,4.271,4.322,4.784,5.163,5.404,5.51,6.027,6.077,6.921,6.852,7.368,7.639,7.81482,8.04726,8.26422,8.609717,10.448442,10.47188,12.17881,13.8345,15.10904,15.68504,16.358,17.81724,19.02034,20.0151,21.07576,22.09054,22.68492
Egypt,Billion Kwh,15.861,17.749,18.224,20.13405,25.29105,25.32905,29.8871,31.1541,29.7351,32.0611,37.2011,38.1351,38.7831,42.7351,45.1791,47.1512,47.7252,51.7532,55.4512,60.2692,63.24366,67.91134,72.48158,78.49944,82.87128,89.45256,96.25424,104.76492,110.0542,117.09596,122.38424,133.8045,136.7944,134.22388,143.7681,153.06506,159.74554
El Salvador,Billion Kwh,1.433,1.477,1.541,1.396,1.591,1.517,1.566,1.646,1.69,1.745,1.664,1.61,1.729,2.028,2.422,2.801,2.894,3.134,3.244,3.441,4.062,3.927,3.803,4.01,4.0046,4.4624,4.91,5.299,5.267,5.266,5.16948,5.3287,5.5582,5.85514,5.74352,6.05444,5.9277
Equatorial Guinea,Billion Kwh,0.01581,0.01395,0.01302,0.01116,0.01395,0.01581,0.01488,0.01581,0.01581,0.01581,0.01581,0.01581,0.01674,0.01674,0.01674,0.01767,0.01767,0.0186,0.01953,0.01953,0.03906,0.05022,0.05673,0.07068,0.0744,0.07905,0.0837,0.08742,0.08742,0.08742,0.11718,0.25017,0.27435,0.3348,0.465,0.465,0.465
Eritrea,Billion Kwh,NA,NA,NA,NA,NA,NA,NA,NA,NA,NA,NA,NA,NA,NA,0.131,0.138,0.157,0.1494,0.152962,0.163,0.15946,0.18008,0.20052,0.21644,0.21808,0.22478,0.21598,0.22784,0.2249,0.24242,0.25546,0.2689,0.28258,0.29692,0.31084,0.32376,0.35386
Estonia,Billion Kwh,NA,NA,NA,NA,NA,NA,NA,NA,NA,NA,NA,NA,NA,5.726,5.91,5.577,5.904,6.212,6.055,5.699,5.87254,5.8305,6.14144,6.52174,6.78336,6.88836,7.32888,7.6933,7.88696,7.48082,7.9479,7.67936,8.2189,8.0643,8.19396,8.25692,8.79502
Ethiopia,Billion Kwh,0.597,0.641,0.676,0.707,0.769,0.813,0.869,1.089,1.159,1.205,1.079,1.09,1.097,1.297,1.288,1.3,1.376,1.434,1.469,1.463,1.48962,1.78896,1.81774,2.04204,2.25892,2.53128,2.9084,3.14828,3.33808,3.53176,3.94354,4.57858,5.44438,6.27662,6.87192,8.42086,9.06186
Falkland Islands (Islas Malvinas),Billion Kwh,0.00186,0.00279,0.00279,0.00279,0.00558,0.00744,0.00837,0.00837,0.01023,0.0093,0.0093,0.0093,0.0093,0.0093,0.0093,0.01023,0.01023,0.01023,0.01116,0.01116,0.013206,0.014136,0.014136,0.0141825,0.0141825,0.0141825,0.015159,0.015159,0.01674,0.01674,0.01488,0.01488,0.01581,0.01581,0.01581,0.01767,0.01767
Faroe Islands,Billion Kwh,0.14136,0.14601,0.14973,0.14973,0.15717,0.16926,0.1674,0.17112,0.19065,0.19158,0.18786,0.18042,0.17763,0.16128339,0.15680265,0.1558401,0.1623966,0.16337589,0.17060013,0.17929191,0.18973581,0.20569089,0.21457332,0.22179756,0.22241508,0.21925029,0.23236608,0.2412606,0.24631143,0.24600081,0.24937299,0.24552,0.2604,0.2604,0.27621,0.28551,0.28551
Fiji,Billion Kwh,0.2697,0.27621,0.28179,0.28923,0.35247,0.35991,0.38316,0.39339,0.38502,0.39618,0.44454,0.44919,0.44733,0.45663,0.49197,0.51429,0.51522,0.5208186,0.51710046,0.5579535,0.519033,0.571113,0.580413,0.603663,0.622263,0.655743,0.703173,0.738513,0.730143,0.734793,0.776829,0.745023,0.74865,0.79887,0.77934,0.82398,0.85002
Finland,Billion Kwh,37.613,38.975,39.369,42.455,45.822,48.989,49.895,53.466,48.353,57.115,64.984,64.899,60.878,63.494,66.486,65.302,67.3142,70.64958,73.817,75.1,76.2067,78.16886,80.51898,81.70888,83.97366,81.83886,87.1887,87.4772,83.8853,78.52144,85.07158,81.81046,82.43846,81.73642,80.8735,80.30636,82.78818
Former Czechoslovakia,Billion Kwh,68.54,66.088,66.863,68.842,70.998,74.267,76.271,77.873,78.902,80.44,81.79,77.939,72.284,NA,NA,NA,NA,NA,NA,NA,NA,NA,NA,NA,NA,NA,NA,NA,NA,NA,NA,NA,NA,NA,NA,NA,NA
Former Serbia and Montenegro,Billion Kwh,NA,NA,NA,NA,NA,NA,NA,NA,NA,NA,NA,NA,32.613,26.971,27.447,30.097,32.376,32.326,29.432,27.454,30.205,29.998,30.692,30.285,29.784,27.254,--,NA,NA,NA,NA,NA,NA,NA,NA,NA,NA
Former U.S.S.R.,Billion Kwh,1168.604644,1123.888392,1234.063245,1278.406743,1342.196622,1382.509714,1343.502799,1395.350431,1432.730352,1464.423789,1460.94541,1446.912,NA,NA,NA,NA,NA,NA,NA,NA,NA,NA,NA,NA,NA,NA,NA,NA,NA,NA,NA,NA,NA,NA,NA,NA,NA
Former Yugoslavia,Billion Kwh,51.044,55.186,56.142,58.914,62.905,65.188,67.85,70.201,72.24,71.174,70.579,64.682,NA,NA,NA,NA,NA,NA,NA,NA,NA,NA,NA,NA,NA,NA,NA,NA,NA,NA,NA,NA,NA,NA,NA,NA,NA
France,Billion Kwh,236.442,239.299,242.635,247.079,260.163,277.937,292.67,301.429,309.385,316.531,323.111,345.453,355.2228,356.142,363.617,367.8995,382.706,381.795,393.428,401.286,409.83866,420.5107,418.25338,435.4882,447.00428,452.11806,447.83318,450.00918,462.7735,446.84636,473.97824,443.0122,454.45818,456.7202,434.32606,442.7849,450.83274
French Guiana,Billion Kwh,0.09858,0.10788,0.11997,0.14322,0.15717,0.18042,0.19437,0.21669,0.24645,0.27342,0.30876,0.35433,0.38874,0.38967,0.38967,0.39339,0.39339,0.39525,0.39618,0.39804,0.39804,0.54405,0.56358,0.58683,0.60915,0.63333,0.65658,0.83793,0.85746,0.95604,1.01928,0.96813,0.80445,0.80073,0.82677,0.83142,0.84072
French Polynesia,Billion Kwh,0.22227,0.24366,0.25296,0.20088,0.17856,0.19344,0.19809,0.19809,0.22599,0.23994,0.25761,0.26691,0.28086,0.28644,0.2976,0.31155,0.31341,0.31899,0.3162,0.32271,0.36177,0.43896,0.48546,0.53196,0.56916,0.56079,0.58497,0.61287,0.63891,0.65193,0.728469,0.680109,0.694059,0.690339,0.614079,0.616869,0.629889
Gabon,Billion Kwh,0.506,0.574,0.644,0.705,0.769,0.833,0.838,0.84,0.845,0.877,0.88,0.901,0.922,0.961,0.815,0.879,0.916,0.963,1.007,1.046,1.0427,1.09906,1.1676,1.19682,1.21214,1.217,1.299,1.374,1.444,1.439,1.48786,1.55848,1.65636,1.74982,1.85548,1.90918,2.0708
"Gambia, The",Billion Kwh,0.03441,0.04185,0.04092,0.04185,0.04371,0.04464,0.04929,0.05394,0.05673,0.05301,0.06138,0.06138,0.06231,0.06417,0.06417,0.0651,0.06603,0.06975,0.07626,0.08463,0.102765,0.11811,0.13206,0.14694,0.16182,0.17856,0.18972,0.20181,0.21297,0.213993,0.216969,0.227478,0.236313,0.230733,0.244683,0.254913,0.282813
Georgia,Billion Kwh,NA,NA,NA,NA,NA,NA,NA,NA,NA,NA,NA,--,10.113,8.379,7.708,5.514,5.26,5.678,6.695,6.702,6.27416,6.2263,6.3986,6.81196,7.0135,10.59514,10.47368,9.29516,9.30154,7.95924,9.94158,10.70176,10.46768,10.86772,11.83484,11.75326,12.37284
Germany,Billion Kwh,NA,NA,NA,NA,NA,NA,NA,NA,NA,NA,NA,491.098,485.685,477.208,475.055,482.523,489.296,492.93143,497.445,497.056,509.08148,520.1949,532.51744,542.143,548.3692,543.2472,548.1424,551.8864,549.093,520.064,552.80006,546.21874,546.34548,544.31982,532.7406,536.28384,536.50784
"Germany, East",Billion Kwh,93.619,89.256,90.562,92.517,102.835,106.223,108.359,109.512,111.156,110.58,97.72744,NA,NA,NA,NA,NA,NA,NA,NA,NA,NA,NA,NA,NA,NA,NA,NA,NA,NA,NA,NA,NA,NA,NA,NA,NA,NA
"Germany, West",Billion Kwh,358.404,360.011,356.39,364.136,380.628,390.936,396.015,405.476,414.336,395.677,402.042,NA,NA,NA,NA,NA,NA,NA,NA,NA,NA,NA,NA,NA,NA,NA,NA,NA,NA,NA,NA,NA,NA,NA,NA,NA,NA
Ghana,Billion Kwh,4.593,4.658,4.339,2.274,1.59,2.483,3.844,4.11,4.21,4.629,5.336,5.71,6.077,5.83,5.593,5.625,6.113,6.262,5.097,5.683,5.96522,6.45594,5.95948,4.4619,4.47638,5.17046,6.3364,5.30894,5.96632,6.093,6.67374,7.65266,8.61582,9.6629,9.22068,8.35642,9.3629
Gibraltar,Billion Kwh,0.05,0.052,0.054,0.055,0.055,0.057,0.059,0.058,0.062,0.071,0.071,0.071,0.079,0.07219,0.07719,0.07719,0.07905,0.08091,0.08556,0.08928,0.1135,0.11444,0.11726,0.12196,0.12384,0.1323,0.13694,0.1407,0.15104,0.15856,0.16138,0.15574,0.16044,0.17166,0.18012,0.20356,0.23076
Greece,Billion Kwh,20.306,20.511,20.718,22.154,23.603,24.484,24.881,25.918,27.349,29.147,30.526,31.482,32.96,33.652,35.206,36.53,38.115,39.83618,41.983,43.4,45.97792,47.33954,49.5354,51.67068,52.99664,54.13574,55.8125,58.35748,59.65142,58.8956,56.44704,56.40004,56.9414,52.5202,52.66204,53.9864,56.88604
Greenland,Billion Kwh,0.14043,0.14322,0.14787,0.15345,0.15903,0.16182,0.16647,0.17019,0.17484,0.18321,0.19251,0.18786,0.18879,0.22041,0.2232,0.22506,0.22599,0.23994,0.24552,0.41664,0.41943,0.39525,0.44082,0.43803,0.436,0.45,0.443,0.469,0.450333,0.507,0.533,0.484,0.494,0.487,0.495,0.536,0.468
Grenada,Billion Kwh,0.019,0.021,0.02,0.022,0.02325,0.023,0.026,0.031,0.037,0.042,0.045,0.05,0.053,0.055,0.06,0.081,0.086,0.091,0.101,0.105,0.114,0.124,0.129019,0.138214,0.13,0.131307,0.151162,0.171765,0.173925,0.177489,0.186504,0.1841,0.1811,0.1791,0.194,0.18,0.1851
Guadeloupe,Billion Kwh,0.2697,0.30039,0.3441,0.35712,0.40176,0.42966,0.50499,0.57195,0.6231,0.58497,0.68076,0.74865,0.81561,0.867411,0.912981,0.914841,1.01463,1.09089,1.09926,1.10205,1.11321,1.11786,1.0695,1.15785,1.37547,1.39965,1.45638,1.52613,1.52613,1.50195,1.50381,1.5252,1.46196,1.43778,1.43964,1.47312,1.48521
Guam,Billion Kwh,1.00161,0.97092,0.9579,0.85281,0.8742,0.88424772,0.92229588,0.98752701,1.07814435,1.15197984,1.19639478,1.29593268,1.331574,1.46873319,1.55205003,1.50536961,1.6135314,1.62327966,1.64237907,1.68702,1.720277265,1.7205,1.51869,1.56612,1.65075,1.66749,1.66412712,1.64365782,1.64079993,1.632243,1.635126,1.612806,1.566678,1.55682,1.51218,1.53822,1.60146
Guatemala,Billion Kwh,1.752,1.499,1.427,1.429,1.375,1.431,1.616,1.71,1.798,1.957,2.256,2.458,2.461,2.545,2.722,2.99701,2.70729,2.56057,3.30813,4.16406,3.82958,4.24018,4.38308,6.22078,5.23142,6.533,7.267,7.71223,7.161,7.394,7.6989,7.91586,8.26574,8.63508,8.95666,9.51546,10.09564
Guinea,Billion Kwh,0.33759,0.34224,0.34968,0.36084,0.42501,0.43338,0.44082,0.44361,0.45384,0.45663,0.46035,0.465,0.46686,0.47151,0.47337,0.48546,0.49011,0.5766,0.59799,0.67425,0.69099,0.86769,0.91512,0.80445,0.87606,0.81933,0.78399,0.87606,0.89931,0.895497,0.855507,0.790407,0.661137,0.59706,0.65286,0.56079,0.55614
Guinea-Bissau,Billion Kwh,0.01209,0.01209,0.01209,0.01209,0.01302,0.01302,0.01581,0.01767,0.01953,0.02697,0.03534,0.03627,0.03813,0.04092,0.04278,0.04371,0.04464,0.0465,0.0465,0.04743,0.0279,0.0279,0.0186,0.0186,0.0279,0.0279,0.0279,0.0279,0.0279,0.0279,0.0279,0.02883,0.02976,0.02976,0.03441,0.03534,0.03627
Guyana,Billion Kwh,0.388,0.402,0.332,0.109,0.093,0.152,0.132,0.329,0.33,0.275,0.247,0.176,0.179,0.18,0.258,0.445,0.527,0.602,0.639,0.671,0.667,0.692,0.683,0.626,0.643,0.3672,0.3933,0.4324,0.4134,0.4075,0.5636,0.6278,0.659,0.671,0.714,0.7711,0.7901
Haiti,Billion Kwh,0.237,0.234,0.315,0.329,0.355,0.397,0.475,0.428,0.427,0.411,0.453,0.463,0.416,0.335,0.277,0.269,0.286,0.286,0.278,0.268,0.28416,0.28134,0.24778,0.2362,0.23578,0.32254,0.33006,0.22116,0.2087,0.31916,0.2174,0.32004,0.41026,0.40216,0.35642,0.3737,0.40622
Hawaiian Trade Zone,Billion Kwh,0,0,0,0,0,0,0,NA,NA,NA,NA,NA,NA,NA,NA,NA,NA,NA,NA,NA,NA,NA,NA,NA,NA,NA,NA,NA,NA,NA,NA,NA,NA,NA,NA,NA,NA
Honduras,Billion Kwh,0.76,0.844,0.841,0.813,0.839,0.994,1.342,1.296,1.835,1.789,1.982,1.947,1.731,1.697,1.43,1.551,2.185,2.378,2.648,2.514,3.13854,3.20974,3.4121,3.65646,3.94631,4.08807,4.2217,4.6988,4.924,4.8401,4.86778,5.18756,5.25836,5.43162,6.9736,7.47938,7.21992
"Hong Kong SAR, China",Billion Kwh,10.13,10.724,11.526,13.055,13.971,14.774,16.382,20.033,21.387,20.746,22.099,23.409,24.053,25.469,23.079,26.51,29.75,30.508,32.224,32.329,34.422,35.362,36.03,36.327,36.997,37.74,38.018,38.518,38.651097,39.168,39.66036,39.80432,40.79782,40.30622,41.59682,41.74056,41.84276
Hungary,Billion Kwh,27.385,27.722,28.767,30.007,31.552,32.429,33.084,34.594,34.593,34.795,34.143,31.851,30.514,29.299306,29.59,29.882733,30.73976,30.93312,31.04041,31.895,31.83722,32.88344,33.99772,34.92322,35.34814,36.0282,36.90062,37.77576,37.72184,35.6388,36.54072,36.82854,36.89132,36.91481,37.6212,38.76342,39.37
Iceland,Billion Kwh,2.857,2.954,3.235,3.419,3.598,3.518,3.682,3.701,4.026,4.095,4.073,4.065,4.16,4.369,4.495,4.605,4.6197,5.08769,5.787,6.742,7.3037,7.61376,7.95064,7.93864,8.16976,8.2347,9.44376,11.39788,15.76688,16.20288,16.04688,16.34788,16.80982,17.6257,17.30682,17.98176,17.68282
India,Billion Kwh,97.898,107.442,113.695,117.213,130.42,140.645,154.717,166.86,185.924,202.681,219.879,240.203,255.687,275.674877,297.98,318.336,323.097,344.504,360.501,365.536,383.925,391.979982,414.963,442.127,470.993,497.124,547.119,593.32,628.847,679.095,727.25878,802.33132,845.84118,898.28393,974.15866,1046.63598,1136.51342
Indonesia,Billion Kwh,11.299,13.363,15.472,15.553,17.132,23.126,26.952,28.869,32.282,32.563,38.497,40.544,43.803,47.548,51.31,50.082,56.852,64.216,66.045,71.008,77.66996,82.9794,85.0239,88.86252,99.59422,106.775,111.956,120.61502,127.3824,133.4691,145.05748,156.9397,171.40872,183.78036,194.21046,199.26188,213.40034
Iran,Billion Kwh,19.676,21.156,23.919,28.086,31.261,31.582,30.702,31.105,39.234,40.241,49.792,53.871,59.171,62.051,65.533,63.732,69.671,73.358,77.62,84.588,94.35608,101.70472,109.41404,119.98682,126.99336,135.19698,146.07354,153.26264,162.10814,169.8324,182.7144,186.1383,195.32188,201.13713,217.8738,220.73742,236.3075
Iraq,Billion Kwh,10.167,9.813,12.186,14.449,16.334,18.716,19.875,21.657,24.601,25.996,19.52,17.821,22.64,23.598,25.217,26.18,26.08,26.667,26.781,25.568,27.27666,28.13102,29.53124,24.99458,29.68088,20.997,25.22542,20.12058,19.75297,30.19193,34.09488,37.31564,33.84944,44.1171,41.84478,40.37148,38.46046
Ireland,Billion Kwh,8.446,8.302,8.483,8.435,8.67,9.486,9.779,10.697,10.639,11.388,12.014,12.605,13.372,13.701,14.286,14.968,15.941,16.77122,17.728,18.79,20.24872,20.8957,21.78134,22.36862,23.11974,24.00382,25.08454,25.3,26.355,24.959,24.96312,24.31148,24.10084,24.36108,24.53812,25.22698,25.67854
Israel,Billion Kwh,10.931,11.435,12.1,12.997,13.376,13.822,13.645,15.111,16.883,17.91,18.193,18.797,21.732,23.041,25.246,26.575,28.387,29.927,32.485,34.255,37.2082,38.57514,39.99492,41.31412,41.6006,42.63222,44.30702,47.05792,48.516,45.91754,49.47366,50.17912,53.08186,50.43494,50.63748,52.77528,55.00492
Italy,Billion Kwh,164.891,163.087,165.723,164.854,174.155,178.066,183.551,193.549,186.849,211.8418,219.007,224.429,229.508,229.183,236.653,243.307,245.688,252.79797,260.156,266.697,278.36228,284.27174,290.61424,294.97176,302.0686,307.8037,314.79748,315.7446,315.52306,297.9557,307.01984,310.95068,305.32852,296.501,290.91456,296.20008,293.46908
Jamaica,Billion Kwh,1.485,1.481,1.552,1.74,1.65,1.375,1.419,1.563,1.541,1.712,2.056,1.665,1.726,3.592,4.005,4.856,5.035,5.217,5.461,5.576,5.59972,5.70034,5.90646,6.10512,6.0641,6.13496,6.0981,4.941,2.988,3.172,3.17672,3.1639,2.74826,2.6878,2.79756,2.76206,2.8473
Japan,Billion Kwh,521.374,522.127,528.362,560.357,593.94,609.764,614.442,663.17,695.604,731.602,772.584,797.667,805.673,813.416,866.555,890.385,910.51003,937.534,943.324,949.515,942.329,926.262,940.525,932.085,961.344,990.63,1009.16,1049.038,977.214,950.862,1019.98496,1012.20742,945.86714,967.20916,950.56874,943.70264,943.68252
Jordan,Billion Kwh,0.802,1.037,1.274,1.549,1.825,2.009,2.167,1.959,2.022,2.726,3.119,3.324,3.933,4.194,4.481,5.357,5.397,5.699,6.049,6.517,6.54602,6.48612,6.96774,7.36036,8.1247,8.52366,9.3944,10.38638,11.28716,11.63882,12.51676,13.27514,14.52244,14.76406,15.54276,16.2472,16.81882
Kazakhstan,Billion Kwh,NA,NA,NA,NA,NA,NA,NA,NA,NA,NA,NA,NA,82.879,79.286,59.78,58.533,52.1,44.952,41.957,39.823,44.46942,49.17544,49.81588,52.78854,54.32372,57.09254,61.32066,65.29538,69.05298,67.19114,72.61356,76.20982,81.80738,85.26506,90.92754,95.3768,94.22948
Kenya,Billion Kwh,1.662,1.7937,1.8364,2.20215,2.28185,2.49255,2.3232,2.3799,2.6036,2.69225,2.87963,2.998,2.994,3.285492,3.311,3.455,3.604,3.61,3.736,3.455,3.39656,3.84752,3.93662,4.22798,4.56942,4.7509,5.16128,5.4476,5.36344,5.52426,6.05378,6.24486,6.5274,7.15644,7.57098,7.69664,7.8628
Kiribati,Billion Kwh,0.00465,0.00465,0.00465,0.00465,0.00558,0.00558,0.00558,0.00651,0.00651,0.00651,0.00651,0.00651,0.00651,0.00651,0.00651,0.00651,0.00651,0.0093,0.0093,0.01116,0.01209,0.01023,0.01209,0.01488,0.01767,0.019902,0.020832,0.020832,0.019995,0.019995,0.022041,0.022971,0.023064,0.023064,0.02325,0.02604,0.02697
"Korea, North",Billion Kwh,20.2,20.768,22.733,22.887,25.827,28.608,30.08,30.698,32.428,32.566,32.885,32.837,23.968,23.419,23.23,23.084,21.082,19.025,18.174,15.147,15.68,16.325,15.99558,17.00626,17.80756,18.57464,18.17564,17.49402,18.84982,17.14756,17.61056,15.69584,15.71924,15.03348,14.65986,11.25218,13.88944
South Korea,Billion Kwh,32.064,34.657,36.97,41.587,46.327,50.146,55.935,63.546,73.367,81.014,94.492,107.473,118.985,126.06542,163.29574,180.03793,199.95062,218.276237,212.458,212.019,259.54233,279.25456,296.4001,312.89178,332.92648,350.19378,364.47828,387.01324,402.88036,409.14282,450.2223,472.72004,482.80088,487.8173,495.00382,498.5334,507.5551
Kosovo,Billion Kwh,NA,NA,NA,NA,NA,NA,NA,NA,NA,NA,NA,NA,NA,NA,NA,NA,NA,NA,NA,NA,NA,NA,NA,NA,NA,NA,NA,NA,4.315,4.214,4.39434,4.93824,4.81918,4.92308,4.7929,4.89326,3.95684
Kuwait,Billion Kwh,8.096,8.878,10.316,11.06,12.232,13.515,14.913,15.948,17.367,18.718,18.126,9.443,14.766,17.877,19.58,19.692,21.145,22.181,24.887,26.208,26.82762,28.46806,30.18028,33.03588,34.24264,36.14296,39.31358,39.87682,42.13006,43.40804,46.71426,46.92758,50.0027,49.92528,53.6386,54.46672,57.78448
Kyrgyz Republic,Billion Kwh,NA,NA,NA,NA,NA,NA,NA,NA,NA,NA,NA,NA,8.519,8.244,8.145,7.994,6.94,6.693,6.998,8.596,9.114,8.14464,7.73506,9.5894,8.13492,6.818,7.101,7.619,7.132,6.972,7.30248,8.89286,9.94266,10.86716,11.11856,10.6802,10.51792
Laos,Billion Kwh,0.17324,0.32827,0.36584,0.31073,0.22154,0.23635,0.23001,0.26017,0.23425,0.29407,0.29187,0.21774,0.23814,0.28851,0.21477,0.33589,0.41297,0.434,0.501,0.553,0.54,0.71,0.766,0.884,0.62307,0.988,1.41,1.61,1.925,2.27,2.49,2.584,3.1204,3.1804,4.321,4.751,5.471
Latvia,Billion Kwh,NA,NA,NA,NA,NA,NA,NA,NA,NA,NA,NA,NA,6.768,5.158,4.905,4.874,4.8,4.876,4.704,4.699,4.91522,5.01854,5.0766,5.58478,5.78042,6.09548,6.4277,6.82942,6.84128,6.32622,6.56348,6.51118,7.14572,6.7537,6.80998,6.71778,6.79796
Lebanon,Billion Kwh,2.572,2.589,2.747,2.69,2.665,2.596,2.746,2.667,2.733,2.646,2.715,2.709,3.123,4.043,4.185,4.407,6.354,7.534,7.586,7.531,9.20952,9.25796,10.42242,10.93134,10.44052,10.60778,10.3451,10.76678,11.45602,12.34206,14.18762,14.3954,12.93886,15.37592,15.14746,15.72466,15.70652
Lesotho,Billion Kwh,0,0,0,0,0,0,0,0,0,0,0.192,0.206,0.241,0.281,0.31,0.324,0.335,0.318,0.209,0.23635,0.27984,0.30505,0.30802,0.34025,0.30121,0.43987,0.52825,0.56522,0.59312,0.72664,0.84642,0.7157,0.76198,0.76395,0.7546,0.7539,0.8473
Liberia,Billion Kwh,0.79236,0.74493,0.74958,0.73842,0.64728,0.6789,0.72912,0.7347,0.744,0.73005,0.27993,0.25389,0.26226,0.2604,0.2604,0.2604,0.2604,0.27342,0.279,0.186,0.186,0.186,0.186,0.186,0.186,0.186,0.186,0.2325,0.2325,0.2325,0.2325,0.279,0.279,0.279,0.279,0.279,0.279
Libya,Billion Kwh,3.332,3.687,3.678,4.351,5.843,7.864,9.838,12.894,13.469,13.522,12.619,12.959,13.327,13.239,13.881,14.267,14.119,14.443,10.086,10.599,10.97424,11.31134,14.28114,15.43142,16.44788,18.517,20.84,21.087,19.336,18.084,18.88188,16.17742,25.74492,28.4867,28.36962,28.22382,27.29668
Lithuania,Billion Kwh,NA,NA,NA,NA,NA,NA,NA,NA,NA,NA,NA,NA,10.656,9.021,8.381,8.419,8.37,8.302,8.569,8.234,8.26574,8.00776,8.21864,8.5413,8.96488,8.874113,9.32336,9.6115,9.9867,9.19864,9.24402,9.49438,9.66186,9.6935,9.90434,10.02076,10.49858
Luxembourg,Billion Kwh,3.608,3.405,3.44,3.554,3.783,3.83,3.848,3.939,4.034,4.111,4.14,4.264,4.242,4.387,4.707,5.011,4.907,5.152,5.333,5.524,5.8151,6.16693,5.74857,5.9818,6.22082,5.98358,6.44118,6.5513,6.44188,5.94242,6.43998,6.36348,6.11166,6.1218,6.11994,6.20372,6.47452
Macau,Billion Kwh,0.22785,0.25668,0.29481,0.35154,0.39514,0.43481,0.4884,0.57661,0.62955,0.70021,0.77999,0.87748,0.98076,1.14067,1.23647,1.45928,1.3737,1.40032,1.4082,1.43415,1.39177,1.50309168,1.59768588,1.68192464,1.8405,2.118,2.399,2.959,3.2975,3.4359,3.639,3.856,4.23,4.308,4.536,4.834,5.077
Macedonia,Billion Kwh,NA,NA,NA,NA,NA,NA,NA,NA,NA,NA,NA,NA,5.523,4.899,5.027,5.103,5.456,5.558,5.811,5.44,5.54954,5.29284,5.31796,6.04816,6.1399,6.60982,6.78346,7.14072,7.26374,6.73252,7.08726,7.7135,7.31192,7.08494,7.00808,6.88598,6.42022
Madagascar,Billion Kwh,0.38781,0.3906,0.40083,0.42036,0.44268,0.44919,0.44826,0.44454,0.4557,0.50313,0.53382,0.52824,0.5394,0.54033,0.54312,0.56637,0.61752,0.64635,0.6975,0.72261,0.7254,0.82398,0.80538,0.9207,1.023,1.03323,1.05462,1.10112,1.14576,1.14855,1.10205,1.17924,1.34478,1.29177,1.34757,1.31874,1.58658
Malawi,Billion Kwh,0.37651,0.37,0.39425,0.42587,0.44068,0.45098,0.48167,0.53096,0.53661,0.5394,0.6603,0.70401,0.72819,0.88629,0.93,0.94674,0.94581,0.97185,1.10112,1.07601,1.11972,1.1439,1.19598,1.22202,1.35036,1.28061,1.3113,1.3392,1.42941,1.40058,1.63029,1.68144,1.44057,1.2183,1.33269,1.0602,1.3206
Malaysia,Billion Kwh,9.363,10.005,10.504,11.581,12.634,13.699,13.766,14.834,16.679,19.335,22.35,24.252,25.996,28.735,34.034,39.216,43.372,50.614,52.391,56.361,60.32766,60.78044,64.04936,68.32322,71.09982,69.12614,75.25278,81.9315,84.0156,102.798,109.84376,110.24754,118.55594,125.53268,126.59082,131.5265,136.85974
Maldives,Billion Kwh,0.00372,0.00465,0.00558,0.00651,0.00837,0.01209,0.01395,0.01674,0.01767,0.0186,0.02139,0.02418,0.02604,0.03534,0.03999,0.05022,0.05487,0.06231,0.07161,0.08091,0.09114,0.10137,0.10974,0.12369,0.1395,0.1618293,0.1850979,0.2157879,0.2464779,0.2622879,0.225153,0.248496,0.26226,0.26226,0.29016,0.33666,0.37386
Mali,Billion Kwh,0.09579,0.09579,0.11811,0.13671,0.15252,0.15531,0.18414,0.19995,0.21948,0.22599,0.22413,0.2325,0.25203,0.27156,0.25575,0.28365,0.30318,0.35247,0.35991,0.36456,0.277,0.268,0.246,0.267,0.27,0.593,0.638,0.601,0.782,1.305,1.428,1.587,1.88516,2.95224,2.5188,2.803,2.98168
Malta,Billion Kwh,0.47058,0.51522,0.56544,0.575,0.593,0.663,0.719,0.8,0.873,0.934,1.13,1.224,1.281,1.29,1.308,1.382,1.341,1.364,1.408,1.516,1.56698,1.57042,1.65888,1.80784,1.79204,1.8496,1.84934,1.84424,1.84128,1.69992,1.81922,1.86186,1.93492,1.93204,1.9848,2.10322,2.12202
Martinique,Billion Kwh,0.23994,0.25947,0.29574,0.34131,0.35619,0.38502,0.41571,0.46686,0.5115,0.55893,0.59613,0.64542,0.69006,0.74493,0.78957,0.85281,0.89094,0.94209,0.95325,0.97185,0.97464,1.11879,1.14762,1.19598,1.23318,1.29177,1.3299,1.37268,1.41081,1.44894,1.54287,1.50939,1.51962,1.50381,1.50381,1.51776,1.53543
Mauritania,Billion Kwh,0.08277,0.08928,0.093,0.09393,0.09207,0.09579,0.09672,0.10602,0.10695,0.11439,0.12369,0.12648,0.12927,0.12927,0.13299,0.1488,0.16275,0.17577,0.18135,0.18879,0.21358194,0.25854,0.46593,0.44175,0.48174,0.46407,0.42129,0.44454,0.50871,0.5394,0.58776,0.7719,0.84723,0.86583,0.90303,1.03974,1.05927
Mauritius,Billion Kwh,0.41013,0.40548,0.39897,0.40827,0.4185,0.42129,0.46593,0.52545,0.57009,0.60636,0.66867,0.73191,0.81375,0.86862,0.90582,0.9858,0.86025,0.99789,1.03695,1.25457,1.521222,1.628656,1.666246,1.784006,1.855926,1.941066,2.015026,2.10817,2.22215,2.25939,2.3719,2.40526,2.47192,2.56542,2.61354,2.68004,2.72632
Mexico,Billion Kwh,56.658,64.356,69.938,72.853,77.006,82.071,84.804,90.998,95.008,101.475,100.479,104.614,108.163,112.380312,120.843,125.129,132.892,144.60669,149.478203,157.565284,167.70656,171.359611,174.144567,172.763284,184.896798,192.816976,196.90321,202.729931,204.966229,202.295448,216.203627,240.301962,246.16414,233.19569,238.05706,246.84284,258.66644
Moldova,Billion Kwh,NA,NA,NA,NA,NA,NA,NA,NA,NA,NA,NA,NA,9.301,6.121,6.841,6.093,5.841,5.477,5.355,4.113,5.623,5.44,6.068,7.136,7.033,7.007,7.401,6.786,6.899,5.853,5.79064,4.90396,5.05602,4.56032,4.62586,4.61216,4.40014
Mongolia,Billion Kwh,1.65838,1.82352,2.09553,2.23966,2.39604,2.498,2.722,2.786,2.899,3.233,2.984,2.779,2.584,2.186,2.18,2.35,2.37,2.344,2.343,2.305,2.4,2.46738,2.55332,2.692512483,2.870012483,3.049692483,3.213472483,3.363432483,3.6497,3.5966,3.79274,3.87444,4.19958,5.1633,5.58756,5.78742,5.93218
Montenegro,Billion Kwh,NA,NA,NA,NA,NA,NA,NA,NA,NA,NA,NA,NA,NA,NA,NA,NA,NA,NA,NA,NA,NA,NA,NA,NA,NA,NA,3.66888,3.4504,3.47366,2.95966,3.25268,3.46788,3.26398,2.73054,2.64174,2.83428,2.80812
Montserrat,Billion Kwh,0.01023,0.01116,0.01116,0.01116,0.01116,0.01116,0.01116,0.01209,0.01209,0.01302,0.01209,0.01302,0.01302,0.01395,0.01395,0.01488,0.01488,0.01581,0.01302,0.01302,0.01023,0.01023,0.01767,0.0186,0.0186,0.0186,0.0186,0.01953,0.02046,0.02046,0.02046,0.01953,0.01953,0.01953,0.02139,0.02139,0.02232
Morocco,Billion Kwh,4.409,4.774,5.13,5.612,5.776,5.884,6.568,7.018,7.656,7.744,8.37,8.877,9.804,10.218,10.35,11.404,11.617,12.114,12.935,13.103,13.05014,14.35086,14.85642,16.3607,17.41062,18.31454,19.87216,21.26538,21.75128,22.2431,23.6714,25.53062,27.38544,25.76736,26.9085,27.42552,28.25044
Mozambique,Billion Kwh,13.369,3.396,2.813,5.286,0.411,0.307,0.413,0.432,0.456,0.471,0.694,0.812,0.672,1.08,0.896,0.807,0.777,0.881,0.785,1.967,4.14936,7.00236,5.76672,8.14578,8.81824,9.10874,9.5278,10.03922,9.29522,9.28022,10.49986,10.8208,11.28374,11.36306,12.33192,14.65364,11.56762
Namibia,Billion Kwh,NA,NA,NA,NA,NA,NA,NA,NA,NA,NA,NA,NA,0.32,0.755,0.585,1.728,1.732,1.65,1.279,1.706,1.769,1.94164,2.46294,2.62216,2.98094,2.96102,3.239,3.239,3.419,3.2741,3.34562,3.45854,3.62694,3.76356,3.74132,3.77206,3.89138
Nauru,Billion Kwh,0.02232,0.02232,0.02232,0.02325,0.02418,0.02418,0.02511,0.02511,0.02511,0.02511,0.02511,0.02511,0.02604,0.02604,0.02604,0.0279,0.0279,0.0279,0.0279,0.02883,0.02883,0.02604,0.02604,0.02697,0.02697,0.0279,0.02883,0.0186,0.01767,0.01953,0.02139,0.02139,0.02232,0.02139,0.02232,0.02232,0.02232
Nepal,Billion Kwh,0.2,0.232,0.218,0.321,0.336,0.337,0.377,0.455,0.497,0.509,0.768,0.72,0.737,0.751,0.797,0.984,0.92,0.825,1.073,1.341,1.428,1.441,1.757,1.746,1.865,1.952,2.154,2.29246,2.20846,2.58622,2.74582,3.10588,3.24286,3.6564,3.94194,3.933,4.983
Netherlands,Billion Kwh,59.916,59.286,58.135,59.221,61.157,62.092,63.019,65.874,69.319,71.557,72.882,75.948,78.124,79.544653,82.263,84.141,87.217,89.31408,92.532,94.932,99.12144,101.21154,102.47742,103.88222,108.3509,108.58772,110.00352,112.40236,113.06308,107.97018,110.05184,111.89486,109.91404,109.59047,107.84212,107.90916,108.77256
Netherlands Antilles,Billion Kwh,0.893,0.902,1.039,1.066,0.982,0.944,0.804,0.538,0.546,0.581,0.631,0.641,0.692,0.745,0.8,0.83,0.869,0.868,0.919,0.917,0.94,0.896,0.849,0.951,0.973,1.003,0.98,1.00964,0.99848,1.07712,1.1,1.123,0.994,0.987,0.98,0.969,0.933
New Caledonia,Billion Kwh,1.23132,1.09368,0.85374,0.65565,0.81654,0.99975,0.9858,0.88629,1.05648,1.06671,1.02114,1.03602,1.03974,1.03974,1.13646,1.46475,1.31595,1.3485,1.40895,1.43778,1.45917,1.52892,1.54473,1.55217,1.482446404,1.6647,1.65354,1.70655,1.65726,1.70562,1.87488,1.99857,2.01717,2.20968,2.64306,2.55936,2.73885
New Zealand,Billion Kwh,20.2174,20.0679,21.4884,22.4082,23.9923,24.0015,25.3135,25.601,26.507,27.146,28.395,29.816,27.975,30.278,31.314,31.521,32.65186,33.47,35.012,32.987,35.22392,35.41374,36.57494,36.73144,38.44062,38.83984,39.43228,39.5847,39.54604,39.48572,40.20808,39.94552,39.6651,38.87278,39.25342,39.96312,39.49664
Nicaragua,Billion Kwh,0.901,0.956,0.994,1.091,1.108,1.063,0.935,1.207,1.161,1.289,1.306,1.122,1.183,1.163,1.133,1.185,1.275,1.423,1.456,1.563,1.558,1.612,1.938,1.805,2.011,2.19943,2.29839,2.28227,2.53942,2.842,2.8037,2.96256,3.2637,3.43364,3.37452,3.61484,3.5903
Niger,Billion Kwh,0.20146,0.24648,0.24746,0.2712,0.24804,0.26292,0.29278,0.31564,0.3215,0.32729,0.33394,0.32843,0.33229,0.33157,0.32534,0.31927,0.33299,0.3262,0.34148,0.28206,0.343,0.338,0.352,0.363,0.425,0.49,0.524,0.559,0.582,0.657,0.7076,0.79048,0.85406,0.86666,0.95866,1.07238,1.06474
Nigeria,Billion Kwh,4.685,5.685,5.949,6.061,6.044,6.446,8.325,7.251,7.278,8.345,8.027,8.189,8.425,8.273,7.996,7.908,7.631,7.884,8.554,8.36,11.164,11.714,16.324,15.268,18.349,17.807,17.414,18.46394,16.96266,15.85012,20.95618,21.65294,22.98318,23.10858,24.30036,25.13952,24.71634
Niue,Billion Kwh,0.00186,0.00279,0.00279,0.00279,0.00279,0.00279,0.00279,0.00279,0.00279,0.00279,0.00279,0.00279,0.00279,0.00279,0.00279,0.00279,0.00279,0.00279,0.00279,0.00279,0.00279,0.00279,0.00279,0.00279,0.00279,0.00279,0.00279,0.00279,0.00279,0.00279,0.00279,0.00279,0.00279,0.00279,0.00279,0.00279,0.00279
Northern Mariana Islands,Billion Kwh,NA,NA,NA,NA,NA,NA,NA,NA,NA,NA,NA,NA,NA,NA,NA,NA,NA,NA,NA,NA,NA,NA,NA,NA,NA,NA,NA,NA,NA,NA,NA,NA,NA,NA,NA,NA,NA
Norway,Billion Kwh,75.112,78.076,78.1,83.115,89.195,91.946,90.684,93.863,94.846,95.189,97.448,99.716,100.21885,101.586,102.558,104.516,103.945,104.129,110.537,110.449,112.97648,115.49142,109.59382,103.7594,109.15352,113.3512,110.46378,113.95484,115.65264,112.50628,120.14514,114.55744,119.1319,119.21572,116.66078,119.68862,122.15944
Oman,Billion Kwh,0.798,0.95,1.337,1.59,2.023,2.426,3.02,3.247,3.697,3.956,3.696,3.803,4.173,4.772,5.039,5.218,5.454,5.832,6.402,6.446,6.715,7.301,7.603,7.827,8.675,9.08,10.466,10.37698,12.00926,13.41362,15.60286,17.71956,20.10598,21.7946,24.21032,27.62252,28.9154
Pakistan,Billion Kwh,10.157,11.417,15.41,16.977,19.074,21.82,23.855,26.011,29.904,31.801,30.54,31.409,35.409,33.573242,39.864,38.852582,38.402,42.557,40.043,44.938,46.854,49.98,52.402,57.185,60.215,67.265,72.574,72.23,68.559,72.259,74.63382,73.96952,76.9101,82.6946,84.41452,89.27034,92.3255
Palestinian Territories,Billion Kwh,NA,NA,NA,NA,NA,NA,NA,NA,NA,NA,NA,NA,NA,NA,NA,NA,NA,1.031,1.683,1.523,2.263,2.11369,2.4372,2.61353,2.94303,3.2991,3.39732,3.55256,4.236,4.4201,4.57285,5.11955,5.31169,5.20086,5.22888,6.37183,6.48949
Panama,Billion Kwh,1.507,1.69,1.821,1.967,1.944,2.049,2.226,2.34,2.272,2.104,2.214,2.34,2.295,2.528,2.561,2.88,3.351,3.172,2.77,3.429,3.782,3.754,3.953,4.177,4.579,4.683714,4.825323,5.17545244,5.40572,5.79337,6.12498,6.49994,7.12766,7.46386,7.7607,8.4978,8.70796
Papua New Guinea,Billion Kwh,1.10577,1.08624,1.1532,1.27224,1.31688,1.37082,1.48614,1.5903,1.54566,1.57263,1.58565,1.58565,1.58565,1.58565,1.5903,1.41639,1.58286,1.45452,1.93905,1.75119,1.95486,2.39196,2.56494,2.86812,2.94345,3.090855,3.016455,3.094575,3.033195,3.098295,3.152235,3.303825,2.969955,3.139215,3.227565,3.209244,3.23733
Paraguay,Billion Kwh,0.721,0.815,0.832,0.861,1.032,1.386,1.846,2.683,2.83,2.76,2.345,2.576,2.521,2.574,2.753,3.263,3.967,3.549,3.822,3.947,4.183,4.284,4.406,4.206333333,4.21,4.499,4.88263,5.352,5.69808,6.237,6.77794,7.49694,8.12482,8.91982,9.69164,10.46994,10.89694
Peru,Billion Kwh,8.65744,9.3534,10.10706,9.68822,10.45504,10.74408,11.40754,12.09052,11.5199,11.58286,11.307,12.31,10.535,11.808,11.231,13.429,14.056,14.653,15.767,16.339,17.25005,18.18605,19.30205,20.17105,21.48805,22.95105,24.17505,26.60005,29.35805,29.17805,31.03361,35.71745,35.30484,37.51966,39.1722,41.26952,44.61292
Philippines,Billion Kwh,16.765,15.349,15.988,16.865,16.944,18.07,17.677,16.446,18.356,20.858,21.459,20.698,19.03,19.884,24.575,26.485,29.12,31.569,34.025,33.741,37.315,39.495,40.555,43.864,46.419,47.371,47.6200188,49.472,50.630109,51.816691,56.8688,58.44114,61.32834,64.10322,66.45688,71.157,78.30092
Poland,Billion Kwh,101.019,95.575,96.655,102.171,106.52,110.962,116.002,121.1,123.521,123.086,114.361,107.914,103.209,104.181,105.022,107.654,111.29922,113.58,113.445,111.397,113.33634,113.62904,112.02992,115.86062,119.1973,120.12956,126.19178,129.661,132.208,127.498,134.76462,137.9003,138.95674,139.9864,141.59562,144.43298,149.42204
Portugal,Billion Kwh,14.906,15.058,15.973,16.887,17.319,18.436,19.341,20.358,20.466,23.065,23.965,25.189,25.92,26.271,27.389,29.226,30.754,32.48895,34.302,36.159,38.56018,40.25568,41.61664,43.4106,45.0873,46.31462,48.03012,49.09648,48.67642,48.32542,50.11752,48.59812,46.76018,46.06616,45.94942,46.53194,46.93528
Puerto Rico,Billion Kwh,12.36993,12.14394,10.33602,10.53318,10.95819,10.77498,11.26137,12.03792,12.60336,12.52245,13.24908039,13.82033382,14.36463306,15.0462096,15.65602734,16.18863276,16.62746442,17.43110067,17.86750503,18.69666792,20.28609,20.74086,21.55275,22.26141,22.44555,23.2149244,22.16841,20.74365,19.45653,19.260114,19.433094,18.616554,19.71879,19.06221,18.98688,18.98409,19.48443
Qatar,Billion Kwh,2.033,2.303,2.611,2.825,3.049,3.497,3.846,3.939,3.909,4.137,4.279,4.112,4.564,4.871,5.105,5.155,5.789,6.044,7.112,7.807,7.953,8.66,9.52,10.454,11.523,12.513,14.841,16.906,18.789,21.192,24.68836,26.9722,30.53278,30.43292,34.03648,36.54106,37.24458
Reunion,Billion Kwh,0.31527,0.35805,0.39804,0.45105,0.47337,0.51429,0.56079,0.62124,0.68727,0.73005,0.81747,0.88536,0.9765,0.98766,0.99882,1.07136,1.22295,1.4043,1.58007,1.58379,1.7484,1.90278,1.89255,1.98369,2.13621,2.26734,2.28873,2.36964,2.2506,2.32035,2.39289,2.43381,2.49426,2.50263,2.53518,2.57424,2.55192
Romania,Billion Kwh,59.543,62.258,62.039,63.398,65.926,67.505,71.794,71.281,74.159,75.104,64.647,53.477,50.139,49.034,48.186,50.154,51.684,48.270215,45.158,41.389,42.354,43.107,42.639,45.565,46.752,47.767,48.886,49.763542,50.264,45.423,48.34224,49.77078,48.91808,46.71562,48.14612,49.1352,49.6426
Russian Federation,Billion Kwh,NA,NA,NA,NA,NA,NA,NA,NA,NA,NA,NA,NA,864.351,807.823,701.881,712.081,700.221,689.786,675.259,688.434,715.612,719.277,728.789,742.568,763.484,774.32676,816.51568,840.72394,855.64981,816.1245,858.51724,874.82341,889.14748,881.10526,891.0833,890.14894,909.57106
Rwanda,Billion Kwh,0.15681,0.15351,0.15348,0.15222,0.16252,0.17045,0.16129,0.17224,0.17603,0.18175,0.16617,0.17231,0.17082,0.15501,0.1598,0.15966,0.15092,0.16952,0.22152,0.18083,0.19909,0.2049325,0.219779375,0.22867,0.19863,0.19216,0.2108,0.229126,0.252376,0.280526,0.328286,0.367206,0.39769,0.54391,0.5975,0.53841,0.52725
Saint Helena,Billion Kwh,0.00186,0.00186,0.00186,0.00186,0.00186,0.00186,0.00279,0.00372,0.00372,0.00465,0.00465,0.00465,0.00465,0.00465,0.00558,0.00558,0.00558,0.00558,0.00558,0.00465,0.00465,0.00465,0.00465,0.00651,0.00744,0.00744,0.00744,0.00744,0.00744,0.00744,0.00744,0.00744,0.00837,0.00837,0.00744,0.00651,0.00651
Saint Kitts and Nevis,Billion Kwh,0.03162,0.03162,0.03255,0.03069,0.03069,0.03069,0.03069,0.03162,0.03255,0.03255,0.05673,0.07347,0.07347,0.06045,0.0651,0.07068,0.07161,0.07905,0.08091,0.08556,0.08742,0.08742,0.09579,0.11067,0.11346,0.11625,0.11811,0.14601,0.15531,0.16089,0.17205,0.17577,0.186,0.19158,0.19158,0.19344,0.19344
Saint Lucia,Billion Kwh,0.05022,0.05394,0.05301,0.05952,0.05952,0.06324,0.0651,0.06975,0.09021,0.09021,0.09114,0.09207,0.13299372,0.14899158,0.15794934,0.1718454,0.17312043,0.18633294,0.20620704,0.22396539,0.2419302,0.25049271,0.2497701,0.26137092,0.26972604,0.28290321,0.28915002,0.30220908,0.30801135,0.31732623,0.33294,0.33666,0.33647028,0.334893,0.332196,0.33387,0.34317
Saint Pierre and Miquelon,Billion Kwh,0.01488,0.0186,0.02232,0.02232,0.0279,0.03069,0.03255,0.03348,0.03534,0.03906,0.0372,0.03906,0.03906,0.0372,0.03813,0.03627,0.03627,0.03627,0.0372,0.0372,0.03813,0.0372,0.04371,0.04557,0.04185,0.0372,0.0372,0.03627,0.03813,0.03813,0.04092,0.04092,0.04185,0.04185,0.04185,0.04185,0.04278
Saint Vincent/Grenadines,Billion Kwh,0.02418,0.02511,0.0279,0.0279,0.03162,0.03534,0.0372,0.03999,0.04371,0.04464,0.04557,0.04743,0.05115,0.0558,0.05673,0.06417,0.06789,0.07068,0.07533,0.07533,0.0837,0.08742,0.09021,0.09579,0.10602,0.11702934,0.11807373,0.124399255,0.12272745,0.12276,0.12648,0.12555,0.12741,0.117273,0.138198,0.14508,0.14601
Samoa,Billion Kwh,0.03441,0.03441,0.03906,0.03534,0.03627,0.0372,0.03999,0.04092,0.04092,0.04464,0.04464,0.04464,0.05394,0.05394,0.05766,0.06138,0.06882,0.07161,0.08184,0.08835,0.08184,0.09765,0.11253,0.1023,0.09486,0.09765,0.1023,0.105276,0.107136,0.108996,0.108066,0.116436,0.10044,0.10416,0.11346,0.1209,0.12276
Sao Tome and Principe,Billion Kwh,0.00837,0.00837,0.01023,0.01023,0.01395,0.01395,0.01302,0.01395,0.01395,0.01395,0.01395,0.01395,0.01395,0.01395,0.01674,0.01767,0.0186,0.01953,0.02046,0.02418,0.02604,0.02232,0.0279,0.02883,0.03255,0.03627,0.0372,0.03999,0.04185,0.04557,0.05022,0.05208,0.05673,0.05766,0.06138,0.06138,0.06138
Saudi Arabia,Billion Kwh,19.103,23.18,29.179,31.986,37.907,40.281,46.901,47.388,52.26,57.133,60.914,64.338,67.819,75.432,85.163,91.889,94.551,99.521,108.244,107.131,109.489,118.078,123.404,136.818,137.355,146.978,156.75,163.413,174.236,186.092,204.27498,211.56438,231.59926,246.95904,271.9537,292.76654,296.18452
Senegal,Billion Kwh,0.494,0.525,0.529,0.505,0.534,0.579,0.588,0.471,0.45,0.616,0.737,0.752,0.826,0.815,0.886,0.889,0.911,0.998,1.067,1.051,0.941,1.147,1.194,1.1,1.248,1.508,1.658,1.96248,1.737,2.17286,2.32058,2.38734,2.58648,2.71344,3.05256,3.25964,3.49714
Serbia,Billion Kwh,NA,NA,NA,NA,NA,NA,NA,NA,NA,NA,NA,NA,NA,NA,NA,NA,NA,NA,NA,NA,NA,NA,NA,NA,NA,NA,28.068,28.72022,28.93598,28.28732,29.08208,29.76958,29.00026,28.99388,28.10834,29.37244,29.8103
Seychelles,Billion Kwh,0.04371,0.04743,0.04929,0.05208,0.05208,0.05766,0.05766,0.0651,0.07254,0.0744,0.08835,0.093,0.09579,0.1023,0.10974,0.11253,0.11625,0.12927,0.13857,0.15066,0.16554,0.1674,0.19065,0.1953,0.19716,0.20181,0.22041,0.23715,0.23529,0.24087,0.26319,0.28272,0.29388,0.31062,0.31713,0.32922,0.3255
Sierra Leone,Billion Kwh,0.17484,0.19716,0.20832,0.21204,0.22599,0.15345,0.13764,0.13671,0.14973,0.19437,0.19623,0.20088,0.20088,0.20367,0.20739,0.0837,0.12555,0.0837,0.09579,0.06324,0.08277,0.12183,0.13764,0.12555,0.10416,0.07254,0.03627,0.05301,0.12555,0.11997,0.15159,0.15996,0.16461,0.15159,0.22599,0.2511,0.279
Singapore,Billion Kwh,6.07,6.514,6.893,7.593,8.242,8.746,9.398,10.541,11.644,12.369,14.035,15.191,16.348,17.576,19.215,20.546,21.613,24.133,25.495,26.483,27.853,30.063,31.256,32.256,33.392,35.642,36.965,38.458,39.201,39.634,41.41508,42.15876,43.33752,44.0723,45.50226,46.59916,47.68766
Slovakia,Billion Kwh,NA,NA,NA,NA,NA,NA,NA,NA,NA,NA,NA,NA,NA,23.4265,23.9585,24.362,26.252,25.266,25.306,24.501,24.85558,25.27724,25.38422,25.20378,25.75062,24.3767,25.48634,26.432,26.46378,24.89788,25.98484,26.26156,25.4911,25.04403,25.65238,25.9738,26.63528
Slovenia,Billion Kwh,NA,NA,NA,NA,NA,NA,NA,NA,NA,NA,NA,NA,9.069,8.859,9.812,9.666,9.572,9.966,10.284,10.478,10.98846,11.35354,12.12664,12.51132,12.99748,13.19488,13.65646,13.7473532,13.2951,11.777545,12.40036,12.95328,12.8869,12.91995,12.8695,13.18464,13.40454
Solomon Islands,Billion Kwh,0.0186,0.02232,0.02232,0.02232,0.02418,0.02511,0.02604,0.02604,0.02604,0.02604,0.0279,0.0279,0.0279,0.0279,0.0279,0.03069,0.03534,0.03906,0.04371,0.04836,0.05394,0.05487,0.0558,0.05487,0.05487,0.0651,0.06603,0.0744,0.0744,0.07347,0.07626,0.07719,0.07347,0.07905,0.08091,0.08463,0.09579
Somalia,Billion Kwh,0.10509,0.06975,0.0744,0.093,0.12276,0.19344,0.22134,0.2232,0.22506,0.22599,0.22878,0.23157,0.23157,0.23436,0.23715,0.23808,0.24087,0.24087,0.2418,0.24273,0.21855,0.22785,0.23994,0.25389,0.24459,0.25389,0.26226,0.27156,0.27993,0.28365,0.28551,0.2883,0.30132,0.31062,0.31155,0.31341,0.31527
South Africa,Billion Kwh,85.519,98.892,103.266,104.497,119.026,124.624,132.13,134.021,140.348,144.62,144.692,146.26,143.58,148.02,154.1,161.668,165.373,172.357,172.043,173.851,180.10286,180.28528,190.3731,196.13168,200.0067,205.04504,210.6331,220.41707,213.63607,204.60577,214.95642,218.30028,212.60952,211.46598,211.89258,209.17004,207.12098
Spain,Billion Kwh,97.231,99.205,99.595,104.163,108.653,111.865,114.255,114.291,115.046,125.846,129.219,131.902,133.969,133.844,139.597,145.402,150.65,162.581,168.488,180.703,193.91716,206.60256,212.10284,222.9205,232.26668,241.63076,251.89151,255.56199,259.09754,246.05838,248.46216,245.44556,242.3158,235.45235,233.24766,237.7741,239.53636
Sri Lanka,Billion Kwh,1.398,1.5,1.686,1.744,1.854,2.044,2.215,2.23,2.344,2.336,2.593,2.718,2.577,3.223,3.553,3.87,3.646,4.109,4.481,4.746,4.985,5.25,5.489,5.975,6.524,7.434,6.863,7.9449,8.129,8.175,8.95416,9.78124,10.16774,10.46356,10.53244,11.78948,12.66762
Sudan,Billion Kwh,1.09,1.292,1.34,1.388,1.563,1.6,1.638,1.647,1.532,1.51,1.749,1.727,1.761,1.733,1.799,1.807,1.852,1.792,1.931,2.478,2.585,2.271,2.635,2.802,2.874,3.385,3.783,4.1248,4.04142,4.842,5.91518,6.53972,7.41998,8.27786,10.08022,10.85038,12.12432
Suriname,Billion Kwh,1.446,1.254,1.231,1.003,1.041,1.116,1.105,0.623,0.822,1.251,1.41,1.564,1.607,1.63,1.65,1.474,1.289,1.295,1.303,1.32,1.276,1.293,1.339,1.358,1.374,1.381,1.425,1.423,1.409,1.409,1.53436,1.71732,1.7394,1.9225,1.93574,1.95688,1.74974
Swaziland,Billion Kwh,0.25389,0.27342,0.23808,0.21762,0.28551,0.33945,0.44131,0.55433,0.60526,0.68967,0.73457,0.73272,0.94272,0.90572,0.95272,0.9993,0.9523,0.9893,0.99444,0.9813,1.04222,1.05657,1.22029,1.15061,1.01041,1.2347,1.14781,1.26055,1.36709,1.34894,1.376697,1.34819,1.37286,1.3521,1.37336,1.42626,1.43133
Sweden,Billion Kwh,86.436,89.64,92.349,102.763,111.686,121.77,121.334,129.113,130.31,131.254,130.235,132.002,129.713,130.16,129.062,131.873,131.4086,131.792,132.67,132.392,135.15614,137.73874,135.6542,133.07658,135.38929,135.48029,135.60741,135.92044,133.41521,128.30426,137.25299,129.37255,132.51008,129.52082,127.29934,130.44372,133.52768
Switzerland,Billion Kwh,34.615,35.71,36.258,37.462,39.017,40.349,41.468,42.852,44.173,46.366,46.815,47.94,48.24,47.782,48.229,49.073,48.918,48.92457,49.622,52.28,52.63296,54.31242,54.08398,55.4578,56.44618,57.52657,58.03383,57.69504,58.99686,57.7619,60.0512,58.86669,59.2168,59.4731,57.72522,58.45858,58.46458
Syria,Billion Kwh,2.953,3.543,4.659,6.317,7.244,7.685,7.561,7.247,5.354,5.753,5.268,5.11,4.259,4.918,5.791,9.829,11.206,11.556,13.814,14.337,16.125,17.752,19.516,20.905,23.199,25.623,27.272,28.47416,29.89676,29.62748,36.30174,33.07838,28.73454,19.74166,16.65702,14.03486,14.16302
Taiwan,Billion Kwh,39.227,38.709,40.069,44.374,48.276,48.242,54.327,59.606,65.765,73.179,76.078,83.451,89.274,96.885,103.687,102.292,108.047,115.757,141.334,148.623,163.4831,167.6133,177.4433,186.8715,192.0386,201.2619,208.36061,215.75277,213.07791,203.9308,220.38463,224.90216,224.30943,228.15558,233.55022,232.2574,237.40306
Tajikistan,Billion Kwh,NA,NA,NA,NA,NA,NA,NA,NA,NA,NA,NA,NA,16.213,14.165,13.783,13.655,13.401,12.899,12.772,13.118,13.29,13.189,14.105,13.817,14.223,14.425,14.632,14.471,14.88,13.916,14.0849,13.77772,13.69456,13.46936,11.8934,12.97528,12.959
Tanzania,Billion Kwh,1.1,1.149,1.139,1.147,1.141,1.122,1.077,1.083,1.118,1.237,1.367,1.479,1.415,1.399,1.33,1.558,1.796,1.576,2.213,1.812,1.931,2.07,2.213,2,2.35,2.52,2.557,3.264,3.481,2.963,4.10512,3.78504,4.3566,4.59172,4.90266,5.06936,5.68184
Thailand,Billion Kwh,12.916,13.633,14.861,17.422,19.343,20.955,22.981,25.828,29.21,33.929,39.609,42.653,48.591,55.114,60.807,69.686,76.234,75.962,75.2374,78.3153,82.1143,86.5343,94.0233,102.6223,110.2133,116.1198,122.5519,126.682,129.344,129.656,145.98462,145.50778,156.30012,161.8624,162.8534,168.04508,187.734
Timor-Leste (East Timor),Billion Kwh,NA,NA,NA,NA,NA,NA,NA,NA,NA,NA,NA,NA,NA,NA,NA,NA,NA,NA,NA,NA,NA,NA,NA,0,0,0,0,0,0,0,0,0,0,0,0,0,0
Togo,Billion Kwh,0.212,0.236,0.264,0.252,0.252,0.301,0.311,0.341,0.349,0.383,0.403,0.453,0.469,0.595,0.518,0.622,0.601,0.509,0.68,0.663,0.512,0.476,0.57,0.43,0.5819,0.6079,0.6158,0.59886,0.6352,0.766,0.79138,0.88758,0.97668,0.99288,1.0988,1.2158,1.26062
Tonga,Billion Kwh,0.00837,0.01116,0.01116,0.01116,0.01116,0.01116,0.01116,0.01488,0.0186,0.01953,0.02139,0.02232,0.02325,0.02325,0.02511,0.02604,0.02976,0.03162,0.03255,0.03069,0.0279,0.03441,0.03534,0.03906,0.04092,0.04185,0.04278,0.04464,0.0465,0.04743,0.04557,0.04464,0.04557,0.04464,0.04557,0.0465,0.04836
Trinidad and Tobago,Billion Kwh,1.706,1.964,2.378,2.42,2.47,2.446,2.799,2.949,2.981,2.883,3.065,3.035,3.285,3.275,3.369,3.636,3.82,4.289,4.442,4.505,4.734,4.879,4.879,5.74,5.678,6.249,6.471,6.966,7.047,7.087,7.7149,8.00668,8.34908,8.7047,9.0773,9.465,9.86728
Tunisia,Billion Kwh,2.264,2.416,2.594,3.063,3.223,3.444,3.43,3.759,4.024,4.18,4.597,4.796,5.159,5.236,5.613,6.193,6.824,7.292,7.581,8.348,8.848,9.452,9.818,10.267,10.722,11.266,11.519,11.04312,11.52436,12.50544,13.09958,13.05448,14.01578,14.3087,14.9315,15.06476,15.27088
Turkey,Billion Kwh,21.839,22.488,24.896,26.154,29.634,32.566,31.728,35.019,40.373,40.19,47.84,50.465,55.517,60.457,62.8,68.403,75.28,82.75084,88.68671,91.635,98.58816,97.40202,102.5606,110.4469,120.05146,129.1048,141.56414,153.80008,160.5008,155.40896,170.40674,186.37386,194.91094,197.57154,206.69796,216.68952,231.14644
Turkmenistan,Billion Kwh,NA,NA,NA,NA,NA,NA,NA,NA,NA,NA,NA,NA,8.347,7.553,6.288,5.986,6.164,6.243,6.095,6.573,6.853,6.642,7.507,7.578,8.367,9.016,9.667,10.57638,10.58578,11.362,11.1214,11.4498,11.733,12.5058,13.422,15.08896,15.08996
Turks and Caicos Islands,Billion Kwh,0.00465,0.00465,0.00465,0.00465,0.00465,0.00465,0.00465,0.00465,0.00465,0.0093,0.01767,0.02139,0.02418,0.0279,0.03162,0.03441,0.03348,0.04464,0.0465,0.0558,0.06603,0.06975,0.08928,0.09579,0.1023,0.11532,0.13857,0.15903,0.17298,0.18228,0.18693,0.18693,0.19809,0.19809,0.20088,0.20925,0.21855
U.S. Pacific Islands,Billion Kwh,0.12183,0.12648,0.12648,0.12927,0.1302,0.14415,0.14787,0.14694,0.15624,0.17484,0.17763,0.17949,0.14415,0.1488,0.15252,0.15531,0.15717,0.15624,0.15903,0.30132,0.31713,0.32364,0.33015,0.32922,0.3348,0.33945,0.35898,0.36642,0.36642,0.36921,0.57381,0.5487,0.56637,0.57567,0.58218,0.59241,0.6045
U.S. Territories,Billion Kwh,NA,NA,NA,NA,NA,NA,NA,NA,NA,NA,NA,NA,NA,NA,NA,NA,NA,NA,NA,NA,NA,NA,NA,NA,NA,NA,NA,NA,NA,NA,NA,NA,NA,NA,NA,NA,NA
Uganda,Billion Kwh,0.30062,0.3046,0.31059,0.26281,0.35688,0.37276,0.36792,0.39502,0.43405,0.52226,0.60238,0.609029,0.801539,0.785496,0.822045,0.856757,0.924368,1.04843,0.99838,0.99652,1.28401,1.28236,1.29275,1.41701,1.5647,1.73258,1.483448196,1.84921,2.025352,2.028949,2.43989,2.4394,1.9083,1.89128,2.51643,2.60068,3.10559
Ukraine,Billion Kwh,NA,NA,NA,NA,NA,NA,NA,NA,NA,NA,NA,NA,210.563,193.509,169.769,162.786,146.652,140.108,132.827,128.34,125.121,125.92,127.038,132.959,139.897,142.143,147.998,152.942861,152.751,137.64,152.5179,156.279,154.11948,151.72884,143.28986,133.5564,133.17346
United Arab Emirates,Billion Kwh,5.456,5.309,7.724,8.823,9.445,10.615,11.149,11.883,12.911,13.27,14.519,14.628,14.73,14.567,15.602,21.21,22.56,24.871,29.595,34.015,36.196,37.484,40.683,42.935,45.511,52.701,57.971,68.574,70.875,76.41,84.87132,86.12178,89.082,92.21768,101.16438,110.5868,113.1776
United Kingdom,Billion Kwh,243.387,238.669,233.385,235.909,238.652,249.959,258.26,268.441,277.391,282.231,284.384,291.603,292.523,293.93,287.214,297.159,315.792,315.979,322.942,328.353,335.56762,338.5437,339.83164,342.68598,343.00738,351.0221,348.40208,344.982,343.562,323.705,330.97266,320.47616,322.17806,321.95472,309.12258,310.41214,309.18608
United States,Billion Kwh,2094.449,2147.102862,2086.441352,2150.954584,2285.796394,2323.973852,2368.753052,2457.272219,2578.062495,2755.635153,2837.083605,2886.060219,2897.20669,3000.700217,3080.888198,3163.963129,3253.765041,3301.849323,3425.096635,3483.716365,3592.356777,3557.106719,3631.650307,3662.029012,3715.949485,3810.984044,3816.845452,3890.230897,3866.161304,3723.733092,3886.751617,3882.600217,3832.306296,3868.329758,3903.274151,3900.159908,3902.306027
Uruguay,Billion Kwh,2.745,3.119,2.888,2.999,3.144,3.145,3.282,3.464,3.722,3.601,5.091,4.107,4.201,4.54,4.733,5.04,5.112,5.591,6.343,6.201,6.474,6.642,6.147,6.033,6.228,6.514,7.251,7.9158,8.41932,8.71868,9.29034,9.26848,9.65876,9.59676,9.83384,10.1606,10.77042
Uzbekistan,Billion Kwh,NA,NA,NA,NA,NA,NA,NA,NA,NA,NA,NA,NA,42.796,41.703,40.553,39.473,40.047,40.489,40.343,39.961,41.345,41.2,42.228,42.378,42.927,42.247,43.736,41.927,42.5576,42.9258,44.66576,45.2344,45.3696,46.8386,47.8798,48.428,49.07266
Vanuatu,Billion Kwh,0.01767,0.0186,0.01953,0.02139,0.02232,0.02325,0.02325,0.02232,0.02232,0.02232,0.02232,0.02325,0.02511,0.02511,0.02511,0.02604,0.0279,0.03069,0.03255,0.03255,0.03627,0.040415143,0.03906,0.03813,0.0372,0.03813,0.03906,0.04185,0.04836,0.04836,0.05394,0.054033,0.055056,0.055986,0.054126,0.054126,0.05859
Venezuela,Billion Kwh,26.837,32.284,32.123,35.139,37.229,39.397,39.753,42.965,47.087,46.132,46.928,49.451,53.23,54.594,55.203,56.17,57.842,59.848,61.171,59.932,62.506,64.959,64.04,65.413,69.503,72.298,78.014,79.89276,83.55364,83.766,88.1519,91.18454,93.8753,95.1301,76.98806,78.81868,71.95836
Vietnam,Billion Kwh,3.285,3.523,3.725,3.95,4.026,4.248,4.24,4.504,5.007,5.822,6.263,6.708,6.944,7.857,9.231,11.135,13.264,15.084,17.433,19.295,22.037,25.439,29.546,34.147,39.321,45.482,52.052,58.81636,66.1147,75.432,85.63112,93.8187,103.92182,106.77332,121.6342,135.52476,143.15198
"Virgin Islands,  U.S.",Billion Kwh,0.69657,0.73563,0.74493,0.76539,0.76911,0.78678,0.80445,0.84165,0.84816,0.83049,0.85653,0.8742,0.89187,0.90954,0.92442,0.93651,0.94023,0.94395,0.94767,0.9486,0.95325,0.90024,0.90954,0.90954,0.91791,0.79486914,0.80330145,0.80987748,0.78451824,0.81096,0.76725,0.739071,0.72411288,0.6789,0.65844,0.65937,0.65472
"Virgin Islands, British",Billion Kwh,0.02046,0.02232,0.02325,0.02232,0.02511,0.02697,0.03069,0.03441,0.0372,0.03813,0.03906,0.03906,0.03906,0.03906,0.03906,0.03906,0.03906,0.03906,0.03906,0.03906,0.0372,0.035428571,0.03534,0.03906,0.03906,0.08649,0.093,0.09672,0.10788,0.11067,0.114483,0.115413,0.114483,0.114483,0.116343,0.117459,0.117459
Wake Island,Billion Kwh,0,0,0,0,0,0,0,0,0,0,0,0,0,0,0,0,0,0,0,0,0,0,0,0,0,0,0,0,0,0,0,0,0,0,0,0,0
Western Sahara,Billion Kwh,0.06696,0.06696,0.06789,0.06789,0.06789,0.06603,0.06882,0.07068,0.07161,0.07254,0.0744,0.0744,0.0744,0.0744,0.0744,0.07626,0.07626,0.07626,0.07626,0.0744,0.0744,0.0744,0.07905,0.07905,0.07905,0.07905,0.0837,0.0837,0.0837,0.0837,0,0,0,0,0,0,0
"Yemen, Rep.",Billion Kwh,0.471,0.506,0.607,0.662,0.738,0.783,0.949,1.059,1.432,1.446,1.371,1.363,1.419,1.44,1.62,1.714,1.646,1.74,1.647,1.674,2.26,2.394,2.609,2.872,3.126,3.407,3.688,4.13338,4.64624,4.70036,5.4377,4.24476,4.32262,5.80994,5.33224,4.28392,3.68122
Zambia,Billion Kwh,5.79,6.273,6.191,6.264,6.309,6.343,6.242,6.604,6.66,5.092,6.05,5.958,5.988,5.98,5.954,6.138,5.683,6.525,6.253,5.909,6.143,6.531,7.082,7.529,8.228,8.59,8.66,8.2132,7.4832,7.414,7.93222,8.7451,10.48392,11.01986,10.8864,11.62376,11.0378
Zimbabwe,Billion Kwh,6.902,7.036,7.174,6.95,7.106,7.145,7.851,8.13,8.308,9.24,9.948,9.418,8.3,8.773,8.2,8.49,8.793,9.559,9.013,9.676,10.411,10.074,10.176,10.28,9.979,10.433,10.203,8.997,7.537,7.157,7.48168,7.92014,7.71348,8.0837,7.96212,7.63778,7.11818
