Capacity,Unit,1980,1981,1982,1983,1984,1985,1986,1987,1988,1989,1990,1991,1992,1993,1994,1995,1996,1997,1998,1999,2000,2001,2002,2003,2004,2005,2006,2007,2008,2009,2010,2011,2012,2013,2014,2015,2016,Capacity_5yrGrowth_Precent
Afghanistan,Million Kw,0.374,0.427,0.427,0.45,0.45,0.47,0.47,0.489,0.489,0.494,0.494,0.494,0.494,0.494,0.494,0.494,0.492,0.492,0.492,0.497,0.407,0.498,0.491,0.489,0.489,0.524,0.514,0.514,0.52107,0.59407,0.59417,0.57117,0.5871,0.6011,0.6161,0.6171,0.6341,3.71
Albania,Million Kw,0.595,0.62,0.64,0.69,0.71,0.735,0.76,0.767,0.777,0.777,1.892,1.892,1.892,1.892,1.892,1.669,1.684,1.684,1.684,1.684,1.684,1.6691,1.6692,1.7792,1.6692,1.5922,1.5922,1.5922,1.5732,1.4502,1.4614,1.509,1.726,1.88,1.824,1.897,2.109,25.78
Algeria,Million Kw,2.306,2.809,3.187,3.436,3.546,3.736,3.836,3.936,4.656,4.657,4.657,5.369,5.369,5.814,6.007,6.007,6.039,6.04,6.044,6.044,6.398,6.4,6.835,6.845,7.251,7.499,7.899,8.134,8.134,11.327,11.3271,11.4471,13.0231,15.027,15.881,17.119,19.271,40.2
American Samoa,Million Kw,0.03,0.032,0.029,0.025,0.025,0.031,0.031,0.031,0.033,0.033,0.033,0.033,0.033,0.033,0.035,0.035,0.035,0.035,0.035,0.035,0.05,0.058,0.058,0.058,0.06,0.045,0.045,0.045,0.045,0.045,0.045,0.041,0.041,0.041,0.041,0.042,0.043,-8.89
Angola,Million Kw,0.6,0.6,0.6,0.6,0.6,0.6,0.605,0.617,0.617,0.617,0.617,0.617,0.617,0.617,0.617,0.708,0.596,0.596,0.596,0.586,0.586,0.635,0.665,0.665,0.8306,0.8306,0.8432,1.446,1.462,1.462,1.469,1.583,1.656,1.718,1.785,2.106,2.613,22.09
Antarctica,Million Kw,0,0,0,0,0,0,0,0,0,0,0,0,0,0,0,0,0,0,0,0,0,0,0,0,0,0,0,0,0.0006,0.001,0.001,0.0016,0.0016,0.0016,0.0016,0.0016,0.0016,60
Antigua and Barbuda,Million Kw,0.024,0.026,0.026,0.026,0.026,0.026,0.026,0.026,0.026,0.026,0.026,0.026,0.026,0.026,0.026,0.026,0.026,0.026,0.026,0.027,0.027,0.027,0.027,0.027,0.027,0.055,0.055,0.055,0.055,0.055,0.0551,0.0843,0.0844,0.1204,0.123,0.123,0.124,123.64
Argentina,Million Kw,12.909,13.445,14.163,15.208,15.975,16.172,16.51,16.517,16.972,17.095,17.112,17.391,17.243,18.115,19.199,20.168,20.5216,21.708,23.166,23.423,26.41815,28.028,28.237,28.973,28.673,28.747,28.799,29.579,31.474,32.563,33.361,33.502,35.5879,35.726,36.286,38.13,38.352,11.43
Armenia,Million Kw,--,--,--,--,--,--,--,--,--,--,--,--,2.812,2.768,2.768,2.768,3.018,3.018,3.018,3.018,3.341,3.297,3.3414,3.3204,3.1744,3.1775,3.20564,3.14864,3.16214,3.17314,3.47164,3.4756,4.022,4.0614,4.0664,4.0674,4.0804,28.15
Aruba,Million Kw,--,--,--,--,--,--,0.09,0.09,0.09,0.09,0.09,0.09,0.09,0.09,0.09,0.09,0.09,0.114,0.114,0.114,0.15,0.15,0.15,0.15,0.15,0.15,0.15,0.15,0.236,0.266,0.32,0.32,0.321,0.29,0.295,0.296,0.296,10.9
Australia,Million Kw,24.142,25.938,28.016,28.635,31.23,32.695,33.349,34.593,34.939,35.165,38.119,37.684,38.394,39.518,41.141,41.789,42.472,43.148,44.335,45.539,46.204,47.003,49.728,50.99,51.173,50.818,51.329,54.114,55.026,57.7321,61.2871,63.0331,64.8401,65.3641,67.2331,67.0291,65.5591,16.46
Austria,Million Kw,12.93,13.888,14.243,14.465,14.799,15.101,15.643,16.421,15.749,15.781,14.114,14.229,14.687,14.617,14.783,14.676,14.677,14.994,14.681,14.8,17.897,18.319,18.053,18.367,18.946,18.898,19.127,19.1,20.548,20.79,21.187,22.556,22.917,23.591,24.048,24.443,24.789,15.67
Azerbaijan,Million Kw,--,--,--,--,--,--,--,--,--,--,--,--,5.165,5.165,5.183,5.239,5.151,4.6,4.59,4.67,4.9425,5.1805,5.341,5.695,5.715,5.212,5.624,5.7302,5.8002,6.3902,6.3983,6.354,6.463,7.391,7.393,7.843,7.876,15.69
"Bahamas, The",Million Kw,0.307,0.361,0.406,0.406,0.406,0.406,0.401,0.401,0.401,0.401,0.401,0.401,0.401,0.401,0.401,0.401,0.401,0.401,0.401,0.401,0.401,0.401,0.401,0.401,0.455,0.493,0.493,0.493,0.493,0.493,0.4933,0.5914,0.592,0.592,0.577,0.577,0.577,17.04
Bahrain,Million Kw,0.588,0.588,0.738,1.047,1.062,1.082,1.082,1.04,1.04,1.04,1.04,1.05,1.05,1.05,1.05,1.08,1.1,1.1,1.1,1.163,1.349,1.379,2.506,2.629,1.849,2.319,2.767,2.777,2.77783,3.16883,3.16883,3.16883,3.935,3.935,3.94,3.928,3.928,24.34
Bangladesh,Million Kw,0.99,1.031,1.025,1.087,1.289,1.307,1.387,1.875,2.314,2.533,2.52,2.69,2.738,2.948,2.978,3.284,3.301,3.305,3.49,3.6,3.6,3.6,4.68,4.6808,4.7118,4.7139,5.2509,5.2549,5.4679,5.7436,5.8689,6.6919,8.171,8.638,9.449,11.17,11.897,64.51
Barbados,Million Kw,0.094,0.094,0.094,0.094,0.094,0.095,0.1,0.132,0.132,0.14,0.14,0.14,0.153,0.153,0.153,0.153,0.1655,0.165,0.1655,0.1655,0.186,0.19,0.2095,0.2095,0.2095,0.2391,0.2391,0.2401,0.2401,0.2401,0.24,0.241,0.241,0.244,0.256,0.258,0.269,6.62
Belarus,Million Kw,--,--,--,--,--,--,--,--,--,--,--,--,7.208,7.208,7.205,7.205,7.39,7.408,7.408,7.408,7.859,7.86,7.913,7.955,7.958,7.9624,8.0284,8.031,8.069,8.122,8.351,8.453,9.051,9.308,10.317,9.938,10.042,27.03
Belgium,Million Kw,11.013,10.977,12.047,12.566,12.309,14.112,14.138,14.053,14.025,14.108,13.937,13.863,13.785,13.785,14.631,14.613,14.573,14.417,15.103,15.253,15.685,15.533,15.552,15.615,15.648,16.096,16.26,16.38,16.758,17.777,18.689,20.099,20.772,20.972,20.934,21.157,21.555,17.76
Belize,Million Kw,0.021,0.021,0.021,0.021,0.021,0.022,0.022,0.023,0.023,0.023,0.023,0.04,0.043,0.046,0.048,0.0742,0.0692,0.0672,0.058,0.0582,0.066,0.066,0.066,0.0883,0.0826,0.0875,0.0859,0.088,0.089,0.136,0.175,0.175,0.176,0.173,0.186,0.187,0.198,36.76
Benin,Million Kw,0.015,0.015,0.015,0.015,0.015,0.015,0.015,0.015,0.015,0.015,0.015,0.015,0.015,0.015,0.028,0.028,0.048,0.048,0.05,0.053,0.053,0.058,0.058,0.058,0.058,0.059,0.06,0.06,0.171,0.171,0.171,0.175,0.175,0.209,0.246,0.318,0.321,43.86
Bermuda,Million Kw,0.118,0.118,0.118,0.137,0.149,0.149,0.123,0.12,0.133,0.17,0.14,0.14,0.14,0.14,0.14,0.146,0.146,0.146,0.168,0.168,0.168,0.168,0.175,0.175,0.175,0.175,0.175,0.165,0.165,0.165,0.165,0.165,0.171,0.171,0.171,0.171,0.171,3.64
Bhutan,Million Kw,0.015,0.015,0.016,0.016,0.016,0.016,0.188,0.263,0.347,0.353,0.36,0.361,0.361,0.361,0.361,0.353,0.353,0.353,0.354,0.3565,0.4257,0.442,0.442,0.457,0.462,0.485,1.505,1.505,1.505,1.505,1.5054,1.5055,1.5065,1.5065,1.5065,1.6315,1.6315,0.1
Bolivia,Million Kw,0.508,0.517,0.562,0.471,0.469,0.469,0.469,0.606,0.609,0.633,0.702,0.702,0.701,0.756,0.8044,0.803,0.805,0.9886,1.0612,1.3446,1.3409,1.2433,1.4019,1.32859,1.47119,1.42979,1.454,1.584,1.539,1.6141,1.72821,1.77,1.97,2.203,2.252,2.342,2.764,39.52
Bosnia and Herzegovina,Million Kw,--,--,--,--,--,--,--,--,--,--,--,--,3.12,3.12,3.059,2.827,2.827,2.827,3.544,4.36,4.36,4.37,4.757,4.757,4.757,4.73,4.761,4.761,4.468,4.468,4.4673,4.4673,4.4703,4.306,4.322,4.343,4.676,-3.27
Botswana,Million Kw,0.133,0.133,0.152,0.154,0.13,0.184,0.184,0.184,0.184,0.217,0.217,0.217,0.217,0.217,0.217,0.217,0.217,0.217,0.132,0.132,0.132,0.132,0.132,0.132,0.132,0.132,0.132,0.132,0.132,0.132,0.132,0.1321,0.133,0.134,0.734,0.734,0.735,456.06
Brazil,Million Kw,31.606,35.84,37.915,38.96,39.87,42.164,42.969,45.557,47.537,50.092,50.968,52.05,53.069,54.108,55.493,56.885,59.263,60.794,62.84,65.591,73.167,75.392,80.502,84.107,87.85665,90.513,94.188,97.941,101.62,105.023,113.695,117.138,121.3761,128.0601,134.7861,141.7311,150.7721,28.34
Brunei,Million Kw,0.158,0.24,0.24,0.24,0.24,0.285,0.288,0.387,0.382,0.382,0.382,0.384,0.417,0.469,0.475,0.65,0.707,0.707,0.769,0.77,0.763,0.761,0.761,0.86,0.874,0.759,0.759,0.759,0.759,0.768,0.786,0.803,0.826,0.811,0.811,0.821,0.821,5.6
Bulgaria,Million Kw,8.963,8.963,9.505,9.67,10.115,10.115,10.115,11.002,11.068,10.973,10.954,12.146,12.087,12.087,12.087,12.087,12.087,12.428,12.428,12.116,12.019,11.844,12.95,12.125,12.332,12.638,12.392,9.869,9.807,9.613,10.204,10.202,11.626,11.518,11.355,10.905,10.745,18.12
Burkina Faso,Million Kw,0.039,0.055,0.055,0.058,0.077,0.077,0.06,0.068,0.065,0.065,0.07,0.078,0.083,0.075,0.078,0.078,0.121,0.121,0.121,0.121,0.1215,0.1775,0.1775,0.1777,0.2141,0.237,0.256,0.251,0.254,0.254,0.242,0.267,0.304,0.2542,0.2922,0.3334,0.3424,15.04
Burma (Myanmar),Million Kw,0.692,0.722,0.78,0.816,0.916,0.947,0.959,0.983,1.072,1.07,1.097,1.103,1.11,1.115,1.161,1.322,1.393,1.401,1.356,1.151,1.151,1.19,1.19,1.205,1.562,1.69,1.684,1.717,1.748,2.544,3.4134,3.589,3.729,4.006,4.541,5.166,5.205,78.5
Burundi,Million Kw,0.009,0.012,0.022,0.027,0.032,0.032,0.032,0.032,0.043,0.043,0.043,0.043,0.043,0.043,0.043,0.054,0.054,0.054,0.054,0.054,0.059,0.046,0.048,0.046,0.041,0.0371,0.037,0.037,0.037,0.057,0.063,0.061,0.061,0.065,0.061,0.067,0.068,7.02
Cambodia,Million Kw,0.04,0.04,0.035,0.035,0.035,0.035,0.035,0.035,0.035,0.035,0.045,0.06,0.065,0.07,0.08,0.085,0.085,0.09,0.11,0.12,0.1301,0.1502,0.1673,0.1863,0.1894,0.2326,0.34651,0.3886,0.38709,0.37478,0.36708,0.580341,0.607235,1.1763,1.5403,1.6913,1.6973,310.99
Cameroon,Million Kw,0.423,0.553,0.592,0.592,0.623,0.625,0.625,0.625,0.625,0.627,0.627,0.627,0.627,0.627,0.627,0.82,0.82,0.817,0.817,0.819,0.796,0.87,1.065,1.0751,1.0801,1.0141,0.9251,0.9222,0.9372,1.023,1.008,1.289,1.344,1.564,1.544,1.556,1.558,50.93
Canada,Million Kw,79.186,81.597,84.17,86.911,93.245,94.026,96.695,98.889,96.049,97.163,103.652,104.852,108.265,107.838,112.081,112.916,114.343,110.484,108.035,109.007,110.707,111.94,114.382,118.958,119.738,122.45,124.148,125.325,126.466,131.583,132.314,132.898,130.684,133.283,136.811,147.641,143.541,3.97
Cape Verde,Million Kw,0.003,0.004,0.004,0.004,0.006,0.006,0.007,0.007,0.007,0.007,0.018,0.02,0.023,0.026,0.029,0.032,0.034,0.037,0.039,0.042,0.045,0.051,0.081,0.079,0.079,0.0798,0.0718,0.0748,0.0898,0.0898,0.1038,0.1335,0.1355,0.1415,0.1535,0.1615,0.1625,70.94
Cayman Islands,Million Kw,0.016,0.02,0.023,0.028,0.031,0.035,0.044,0.048,0.059,0.06,0.075,0.075,0.075,0.075,0.075,0.076,0.076,0.094,0.094,0.094,0.094,0.115,0.115,0.115,0.1274,0.11463,0.11463,0.124,0.1366,0.1526,0.151,0.15123,0.15,0.15,0.132,0.132,0.132,-13.5
Central African Republic,Million Kw,0.038,0.037,0.043,0.043,0.043,0.043,0.043,0.043,0.043,0.043,0.043,0.043,0.043,0.043,0.043,0.043,0.043,0.043,0.043,0.03975,0.03975,0.04,0.04,0.04,0.0397,0.038,0.038,0.038,0.044,0.044,0.0441,0.0442,0.0443,0.0443,0.0443,0.0383,0.0383,0.68
Chad,Million Kw,0.029,0.029,0.029,0.029,0.029,0.029,0.029,0.029,0.029,0.029,0.029,0.029,0.029,0.029,0.029,0.029,0.029,0.029,0.029,0.029,0.029,0.029,0.029,0.029,0.03,0.031,0.031,0.032,0.031,0.031,0.031,0.041,0.041,0.0471,0.0471,0.0472,0.0482,51.94
Chile,Million Kw,3.209,3.357,3.344,3.352,3.967,3.987,4.033,4.015,4.079,4.079,4.418,5.161,5.173,5.205,5.835,6.295,7.592,7.89,8.735,9.052,9.894,10.493,10.542,10.993,11.87,12.586,12.865,13.18,14.019,15.706,16.206,17.549,18.153,18.515,20.513,21.436,24.53,30.61
China,Million Kw,65.871,69.13,72.36,76.44,80.117,87.045,93.82,102.897,115.497,126.638,137.891,151.173,166.532,183.549,201.1642,218.7122,238.118,256.326,279.656,302.072,325.526,344.714,364.05,398.067,449.0006,518.5108,626.5898,718.5158,794.202,878.842,969.746,1066.297,1151.491,1265.099,1376.958,1516.215,1653.215,56.68
Colombia,Million Kw,4.636,4.861,5.616,6.255,6.85,7.098,6.872,8.523,9.331,8.793,8.849,9.599,11.024,12.185,12.658,12.647,13.514,14.614,12.818,13.2236,12.795,13.5426,13.86849,13.261,13.465,13.408,13.443,13.478,13.5735,13.6235,14.4645,14.6505,14.6445,14.8015,15.887,16.723,16.886,16.61
Comoros,Million Kw,0.004,0.005,0.005,0.005,0.005,0.005,0.005,0.003,0.005,0.005,0.005,0.005,0.005,0.005,0.005,0.005,0.005,0.005,0.005,0.005,0.005,0.005,0.006,0.006,0.006,0.022,0.022,0.022,0.022,0.022,0.022,0.024,0.024,0.025,0.026,0.026,0.027,18.18
Congo (Brazzaville),Million Kw,0.118,0.118,0.118,0.118,0.118,0.118,0.118,0.118,0.118,0.118,0.118,0.118,0.118,0.118,0.118,0.118,0.118,0.118,0.121,0.121,0.121,0.121,0.121,0.212,0.212,0.212,0.212,0.212,0.239,0.239,0.359,0.5091,0.5991,0.5992,0.5992,0.5845,0.5915,150.71
Congo (Kinshasa),Million Kw,1.72,1.72,1.72,1.72,2.17,2.17,2.545,2.831,2.831,2.831,2.831,2.831,3.134,3.194,3.194,2.574,2.574,2.548,2.548,2.473,2.473,2.548,2.568,2.5019,2.443,2.443,2.444,2.444,2.476,2.476,2.506,2.506,2.5061,2.5494,2.5496,2.5717,2.587,2.97
Cook Islands,Million Kw,0.006,0.006,0.006,0.006,0.006,0.006,0.006,0.006,0.006,0.006,0.006,0.006,0.006,0.006,0.006,0.01,0.01,0.01,0.01,0.01,0.008,0.008,0.008,0.008,0.008,0.008,0.008,0.008,0.008,0.008,0.008,0.008,0.008,0.012,0.013,0.013,0.014,62.5
Costa Rica,Million Kw,0.609,0.643,0.817,0.819,0.819,0.78,0.771,0.866,0.873,0.874,0.893,1.011,1.043,1.042,1.045,1.168,1.271,1.345,1.345,1.354,1.70981,1.72658,1.79558,1.94023,1.96223,1.99335,2.127,2.116,2.383,2.48,2.7924,2.938,2.776,2.779,2.925,3.162,3.584,17.94
Cote dIvoire (IvoryCoast),Million Kw,1.028,1.163,1.163,1.163,1.163,1.163,1.163,1.163,1.173,1.173,1.173,1.173,1.173,1.173,1.173,1.173,1.19,1.19,1.192,0.924,0.984,1.024,1.082,1.113,1.154,1.177,1.207,1.218,1.224,1.247,1.276,1.449,1.646,1.757,1.828,1.914,1.914,46.59
Croatia,Million Kw,--,--,--,--,--,--,--,--,--,--,--,--,3.494,3.547,3.593,3.633,3.601,3.579,3.601,3.407,3.41,3.598,3.798,3.808,4.007,3.871,3.884,3.911,3.915,4.024,4.14,4.196,4.242,4.333,4.451,4.858,4.921,10.61
Cuba,Million Kw,2.756,2.975,3,3.111,3.229,3.419,3.532,3.841,3.988,3.988,3.988,3.988,3.988,3.988,3.988,3.988,4.325,4.331,4.337,4.2864,4.4874,4.4119,3.9597,3.9608,3.9479,4.9518,5.6215,5.979,5.9512,6.1052,6.4132,6.4687,6.2327,6.5477,6.7,6.843,6.998,9.74
Cyprus,Million Kw,0.269,0.333,0.393,0.389,0.389,0.389,0.351,0.351,0.471,0.471,0.471,0.471,0.546,0.666,0.624,0.699,0.699,0.699,0.737,0.737,0.737,0.988,0.988,0.994,0.994,1.125,1.135,1.141,1.127,1.4,1.568,1.744,1.734,1.709,1.734,1.766,1.77,23.86
Czech Republic,Million Kw,--,--,--,--,--,--,--,--,--,--,--,--,--,14.249,13.874,13.825,14.861,14.991,14.779,15.103,16.177,16.264,17.061,17.021,17.171,17.019,17.259,17.417,17.446,18.174,19.851,20.046,20.284,20.673,21.534,21.506,21.629,18.49
Denmark,Million Kw,7.072,7.665,7.894,7.717,8.08,8.52,8.538,8.452,8.244,8.546,8.734,9.112,9.442,9.679,9.995,9.876,9.952,10.414,10.451,10.069,12.316,12.486,12.644,12.917,12.986,13.035,12.976,13,13.002,13.393,13.438,13.5871,14.075,13.81,13.624,14.001,14.336,1.72
Djibouti,Million Kw,0.035,0.038,0.038,0.048,0.058,0.058,0.058,0.085,0.085,0.085,0.085,0.085,0.085,0.085,0.085,0.085,0.085,0.085,0.085,0.085,0.11,0.118,0.118,0.118,0.118,0.118,0.118,0.118,0.13,0.13,0.13,0.13,0.1303,0.1303,0.1303,0.1303,0.1303,0.23
Dominica,Million Kw,0.005,0.005,0.006,0.006,0.006,0.007,0.008,0.008,0.008,0.008,0.008,0.008,0.008,0.008,0.008,0.019,0.019,0.019,0.019,0.0186,0.0207,0.0221,0.0211,0.0221,0.0217,0.0231,0.0231,0.0252,0.0234,0.0254,0.0264,0.0264,0.0264,0.0264,0.0274,0.0274,0.0278,7.87
Dominican Republic,Million Kw,0.96,0.96,0.96,0.96,0.96,0.96,1.065,1.405,1.405,1.447,1.46,1.46,1.61,1.61,1.612,1.612,1.638,2.629,2.9405,3.0805,2.5315,2.8665,2.928,3.351,3.252,3.17661,3.206,3.206,2.9582,2.9812,3.0122,3.0436,3.1716,3.719,3.784,3.739,3.839,26.93
Ecuador,Million Kw,1.194,1.335,1.833,1.778,1.795,1.802,1.956,1.966,1.914,1.903,1.671,1.684,2.294,2.4464,2.563,2.55,2.739,3.126,3.4192,3.4806,3.39154,3.25071,3.40663,3.30158,3.32899,3.62336,4.06,4.552,4.284,4.934,5.2055,5.2895,5.4166,5.458,5.715,5.982,8.192,15.83
Egypt,Million Kw,4.957,5.165,4.947,5.782,6.726,9.067,11.54,9.579,10.312,11.474,11.728,11.793,12.09,11.911,12.047,12.978,16.707,16.775,17.094,17.861,17.3021,17.1635,17.0626,17.1316,19.4046,20.5296,21.9866,22.6457,23.5449,24.733,26.994,27.899,29.277,31.054,35.302,38.942,45.115,42.73
El Salvador,Million Kw,0.404,0.405,0.405,0.59,0.626,0.608,0.608,0.608,0.608,0.608,0.608,0.608,0.646,0.766,0.766,0.857,0.857,0.857,0.8539,0.9503,1.1179,1.1293,1.0561,1.1063,1.1165,1.2615,1.2601,1.4204,1.5274,1.5769,1.5594,1.5984,1.6154,1.7164,1.7124,1.8714,1.9834,8.59
Equatorial Guinea,Million Kw,0.005,0.005,0.005,0.005,0.005,0.005,0.005,0.005,0.005,0.005,0.005,0.005,0.005,0.005,0.005,0.005,0.005,0.005,0.005,0.006,0.012,0.012,0.018,0.021,0.031,0.056,0.056,0.06,0.06,0.06,0.06,0.06,0.305,0.31,0.31,0.331,0.331,416.67
Eritrea,Million Kw,--,--,--,--,--,--,--,--,--,--,--,--,--,--,0.06,0.06,0.06,0.06,0.06,0.06,0.06,0.06,0.06,0.15,0.15,0.151,0.1678,0.1678,0.1408,0.1408,0.1398,0.1398,0.14,0.14,0.1403,0.1603,0.1607,-0.36
Estonia,Million Kw,--,--,--,--,--,--,--,--,--,--,--,--,3.406,3.333,3.288,2.693,2.7,2.722,2.624,2.6242,2.7992,2.445,2.403,2.417,2.691,2.559,2.557,2.627,2.694,2.6652,2.7511,2.8252,2.9234,2.912,3.033,2.864,2.578,13.8
Ethiopia,Million Kw,0.24285,0.24285,0.24285,0.25265,0.25265,0.25265,0.25165,0.36665,0.40465,0.40465,0.40648,0.40898,0.40898,0.40898,0.41898,0.41898,0.41998,0.42298,0.42298,0.44298,0.52928,0.5543,0.7383,0.7383,0.83482,0.84005,0.8373,0.8503,0.9663,1.64483,2.1026,2.2328,2.2543,2.4323,2.5273,2.7783,2.7843,53.65
Falkland Islands (Islas Malvinas),Million Kw,0.001,0.001,0.001,0.004,0.005,0.006,0.006,0.006,0.006,0.009,0.009,0.009,0.009,0.009,0.009,0.009,0.009,0.009,0.009,0.009,0.009,0.009,0.009,0.009,0.009,0.00901,0.00901,0.01,0.01,0.01,0.01,0.01,0.01,0.011,0.011,0.0121,0.0121,10
Faroe Islands,Million Kw,0.048,0.048,0.048,0.068,0.068,0.068,0.068,0.091,0.091,0.091,0.091,0.091,0.091,0.091,0.091,0.091,0.091,0.086,0.086,0.0864,0.087,0.096,0.096,0.098,0.0974,0.0991,0.0991,0.0991,0.1001,0.1001,0.1001,0.1001,0.1081,0.1081,0.128,0.1283,0.1283,27.87
Fiji,Million Kw,0.112,0.113,0.197,0.189,0.202,0.197,0.2,0.195,0.2,0.2,0.2,0.2,0.2,0.2,0.2,0.2,0.2,0.204,0.204,0.1992,0.2432,0.243,0.243,0.243,0.244,0.264,0.264,0.284,0.291,0.291,0.2912,0.2913,0.306,0.307,0.326,0.337,0.338,12.03
Finland,Million Kw,10.954,10.852,11.063,11.189,11.314,11.313,11.641,11.661,11.893,11.806,12.237,12.344,12.271,13.023,13.002,13.281,13.463,14.585,15.026,14.926,16.26,16.506,16.569,16.556,16.567,16.468,16.562,16.703,15.564,15.291,15.667,15.701,16.152,16.707,16.299,16.612,16.272,6.59
Former Czechoslovakia,Million Kw,16.085,17.121,18.117,18.547,19.582,20.389,21.024,21.102,21.114,21.112,21.549,21.354,20.784,--,--,--,--,--,--,--,--,--,--,--,--,--,--,--,--,--,--,--,--,--,--,--,--,
Former Serbia and Montenegro,Million Kw,--,--,--,--,--,--,--,--,--,--,--,--,9.29,10.521,10.864,10.83,9.598,9.598,9.598,9.644,9.644,9.644,9.315,9.315,9.225,8.732,--,--,--,--,--,--,--,--,--,--,--,
Former U.S.S.R.,Million Kw,268.549,278.462,286.588,295.839,306.178,315.305,321.93,325.5,338.905,341.934,343.697,-,--,--,--,--,--,--,--,--,--,--,--,--,--,--,--,--,--,--,--,--,--,--,--,--,--,
Former Yugoslavia,Million Kw,13.9,14.6,15.132,15.632,16.782,17.332,18.1,19.414,20.683,21.521,21.217,-,--,--,--,--,--,--,--,--,--,--,--,--,--,--,--,--,--,--,--,--,--,--,--,--,--,
France,Million Kw,63.416,70.591,73.613,77.747,84.429,86.311,92.233,97.462,100.535,99.958,103.228,104.165,105.032,107.393,107.047,107.429,109.508,113.38,111.813,113.917,115.18,116.457,117.279,116.676,116.887,115.73,115.691,116.524,117.7065,119.1305,124.0705,125.29,128.382,127.989,127.775,129.939,130.794,7.26
French Guiana,Million Kw,0.031,0.034,0.051,0.06,0.071,0.075,0.089,0.089,0.089,0.095,0.125,0.155,0.165,0.165,0.165,0.165,0.165,0.165,0.165,0.165,0.17,0.255,0.242,0.242,0.242,0.242,0.242,0.244,0.2459,0.2469,0.2679,0.2779,0.2839,0.2949,0.299,0.3,0.306,21.1
French Polynesia,Million Kw,0.069,0.069,0.074,0.076,0.079,0.079,0.079,0.079,0.079,0.079,0.079,0.079,0.084,0.084,0.084,0.106,0.106,0.132,0.132,0.1165,0.117,0.1377,0.1528,0.177,0.1767,0.1775,0.178,0.226,0.227,0.227,0.227,0.236,0.239,0.242,0.246,0.25,0.253,8.37
Gabon,Million Kw,0.175,0.215,0.22,0.25,0.25,0.261,0.31,0.31,0.31,0.31,0.31,0.31,0.31,0.31,0.316,0.368,0.376,0.388,0.391,0.398,0.403,0.406,0.411,0.414,0.414,0.415,0.415,0.415,0.366,0.415,0.416,0.444,0.464,0.671,0.671,0.671,0.671,61.69
"Gambia, The",Million Kw,0.013,0.013,0.013,0.013,0.013,0.013,0.013,0.013,0.013,0.013,0.017,0.029,0.029,0.029,0.029,0.029,0.029,0.029,0.029,0.029,0.029,0.029,0.032,0.035,0.04,0.044,0.048,0.053,0.053,0.062,0.076,0.076,0.077,0.094,0.117,0.117,0.117,88.71
Georgia,Million Kw,--,--,--,--,--,--,--,--,--,--,--,--,4.559,4.558,4.558,4.558,4.382,4.382,4.382,4.354,4.354,4.35,4.35,4.388,4.388,4.27,4.185,4.185,4.212,4.212,4.212,4.212,4.26,4.42,4.56,4.58,4.641,8.26
Germany,Million Kw,--,--,--,--,--,--,--,--,--,--,--,115.08,112.37,112.362,110.438,111.174,109.33,108.622,108.782,107.802,117.771,119.01,124.231,125.159,126.42,128.596,132.2,136.543,143.44,151.99,162.897,168.027,178.4,185.308,197.501,203.419,208.5,29.94
"Germany, East",Million Kw,20.187,20.71,21.19,21.179,21.511,21.943,22.059,22.925,22.917,23.41,-,--,--,--,--,--,--,--,--,--,--,--,--,--,--,--,--,--,--,--,--,--,--,--,--,--,--,
"Germany, West",Million Kw,82.555,84.695,85.661,87.019,89.896,92.74,95.317,95.528,96.486,98.213,-,--,--,--,--,--,--,--,--,--,--,--,--,--,--,--,--,--,--,--,--,--,--,--,--,--,--,
Ghana,Million Kw,1.06,1.06,1.065,1.065,1.185,1.185,1.185,1.185,1.186,1.187,1.187,1.187,1.187,1.187,1.187,1.187,1.187,1.187,1.164,1.164,1.164,1.297,1.572,1.7,1.778,1.748,1.73,1.935,1.981,2.046,2.171,2.178,2.218,3.048,3.048,3.8484,3.8014,48.97
Gibraltar,Million Kw,0.022,0.023,0.023,0.021,0.021,0.021,0.021,0.027,0.027,0.027,0.027,0.033,0.033,0.033,0.03,0.03,0.035,0.035,0.035,0.035,0.035,0.035,0.035,0.035,0.038,0.038,0.038,0.038,0.043,0.043,0.043,0.043,0.043,0.043,0.043,0.043,0.043,0
Greece,Million Kw,5.324,5.962,5.979,5.988,6.538,7.081,7.476,8.01,8.071,8.296,8.458,8.862,8.912,8.766,8.846,8.865,9.048,9.497,9.928,10.603,10.904,10.992,11.576,12.08,12.431,13.306,13.57,13.686,14.253,14.499,15.184,16.524,17.751,18.855,18.895,18.942,19.165,30.32
Greenland,Million Kw,0.085,0.087,0.088,0.088,0.088,0.088,0.087,0.087,0.087,0.087,0.087,0.094,0.094,0.105,0.106,0.106,0.106,0.106,0.106,0.136,0.136,0.136,0.136,0.136,0.136,0.137,0.137,0.144,0.144,0.174,0.174,0.174,0.172,0.187,0.187,0.187,0.187,7.47
Grenada,Million Kw,0.008,0.008,0.008,0.008,0.008,0.008,0.008,0.008,0.008,0.009,0.009,0.009,0.009,0.012,0.012,0.025,0.025,0.025,0.028,0.0272,0.04311,0.04245,0.032,0.032,0.032,0.032,0.032,0.0322,0.0502,0.0482,0.0483,0.0504,0.0494,0.0496,0.0498,0.0501,0.0511,3.32
Guadeloupe,Million Kw,0.115,0.145,0.183,0.2,0.246,0.253,0.26,0.318,0.318,0.315,0.32,0.324,0.328,0.372,0.372,0.393,0.412,0.412,0.413,0.413,0.455,0.457,0.464,0.472,0.4382,0.4395,0.4435,0.4435,0.4435,0.4545,0.4603,0.4688,0.5218,0.5888,0.589,0.609,0.608,29.59
Guam,Million Kw,0.221,0.221,0.221,0.221,0.221,0.221,0.221,0.221,0.221,0.221,0.221,0.221,0.311,0.344,0.344,0.424,0.464,0.464,0.552,0.552,0.552,0.735,0.735,0.735,0.79,0.552,0.552,0.553,0.553,0.552,0.5521,0.5521,0.5523,0.5528,0.553,0.557,0.56,0.18
Guatemala,Million Kw,0.5,0.497,0.717,0.735,0.769,0.769,0.771,0.771,0.696,0.696,0.751,0.751,0.751,0.821,0.836,0.836,0.974,0.974,1.15,1.2909,1.8287,1.8684,1.8859,2.1631,1.9871,2.3286,2.42,2.44,2.634,2.755,2.827,2.965,3.28796,3.578,3.359,4.089,4.605,21.92
Guinea,Million Kw,0.166,0.166,0.166,0.166,0.166,0.176,0.176,0.176,0.176,0.186,0.186,0.186,0.186,0.186,0.186,0.186,0.186,0.186,0.186,0.195,0.347,0.347,0.347,0.347,0.337,0.337,0.331,0.339,0.393,0.397,0.409,0.362,0.375,0.392,0.309,0.55,0.55,-22.17
Guinea-Bissau,Million Kw,0.007,0.007,0.007,0.007,0.007,0.007,0.008,0.008,0.01,0.011,0.011,0.011,0.011,0.011,0.011,0.011,0.021,0.021,0.021,0.021,0.021,0.021,0.021,0.022,0.022,0.022,0.022,0.022,0.026,0.026,0.026,0.027,0.027,0.027,0.028,0.0283,0.0283,7.69
Guyana,Million Kw,0.163,0.172,0.168,0.168,0.114,0.114,0.114,0.114,0.114,0.114,0.114,0.114,0.114,0.114,0.114,0.114,0.114,0.302,0.302,0.301,0.31938,0.3194,0.3265,0.3265,0.322,0.322,0.323,0.324,0.28,0.384,0.3894,0.391,0.404,0.425,0.427,0.427,0.428,11.2
Haiti,Million Kw,0.126,0.126,0.126,0.126,0.126,0.146,0.146,0.153,0.153,0.153,0.137,0.137,0.145,0.145,0.145,0.145,0.155,0.155,0.241,0.2396,0.23951,0.244,0.244,0.244,0.244,0.244,0.244,0.244,0.244,0.24,0.267,0.267,0.2674,0.323,0.32,0.332,0.332,33.33
Hawaiian Trade Zone,Million Kw,0,0,0,0,0,0,0,--,--,--,--,--,--,--,--,--,--,--,--,--,--,--,--,--,--,--,--,--,--,--,--,--,--,--,--,--,--,
Honduras,Million Kw,0.224,0.244,0.243,0.285,0.285,0.285,0.285,0.29,0.29,0.36,0.584,0.584,0.584,0.599,0.599,0.61,0.635,0.737,0.768,0.8653,0.9115,0.9261,1.0631,1.0713,1.309,1.5868,1.608,1.6668,1.6748,1.6974,1.7054,1.833,1.8938,1.938,2.032,2.443,2.546,19.71
"Hong Kong SAR, China",Million Kw,3.342,3.606,4.032,4.734,5.268,5.58,5.953,6.614,7.453,7.456,8.342,8.387,8.932,9.037,10.323,10.096,10.092,10.876,11.312,11.312,11.568,11.568,11.606,11.683,11.683,11.804,12.3808,12.6448,12.6248,12.6248,12.6248,12.6248,12.625,12.625,12.625,12.625,12.625,0
Hungary,Million Kw,5.392,5.395,5.454,5.834,6.16,6.165,6.6,6.824,7.072,7.068,7.11,7.054,7.143,7.266,7.179,7.263,7.395,7.393,7.73,7.725,8.16,8.282,8.403,8.2,8.522,8.475,8.509,8.546,8.617,8.816,8.882,9.543,9.289,8.307,8.544,8.525,8.639,-3.09
Iceland,Million Kw,0.68,0.762,0.903,0.903,0.904,0.905,0.907,0.909,0.91,0.914,0.898,0.924,1.023,1.025,1.032,1.03,1.03,1.07,1.104,1.163,1.383,1.46,1.506,1.507,1.508,1.538,1.725,2.363,2.574,2.571,2.579,2.669,2.656,2.765,2.766,2.772,2.772,7.58
India,Million Kw,34.379,37.376,40.719,44.941,49.309,53.522,56.585,61.964,67.769,72.643,75.712,79.158,83.167,88.269,92.865,96.184,97.716,100.287,103.467,108.307,113.326,124.54,129.033,133.806,137.591,146.406,155.5558,169.0693,177.089,189.561,207.769,237.25,261.612,283.943,313.307,345.588,367.764,65.28
Indonesia,Million Kw,5.211,5.861,6.43,7.062,7.82,8.604,9.794,10.8,11.951,12.593,12.779,12.879,13.921,15.775,15.653,15.824,16.81,19.785,22.279,21.593,23.051,23.494,23.498,26.991,27.238,29.045,32.21201,32.7666,32.1748,35.11,37.257,41.842,47.224,52.695,54.794,57.296,61.428,56.06
Iran,Million Kw,11.832,11.908,12.522,13.025,13.404,13.404,13.404,13.404,16.546,17.427,17.952,18.154,19.784,22.688,25.07,26.571,27.35,29.447,30.57,31.395,32.488,34.233,36.44,39.63,42.774,44.439,47.449,50.858,52.964,56.201,61.472,70.2534,74.4274,75.914,74.562,72.962,77.602,32.67
Iraq,Million Kw,1.414,1.744,2.33,2.9,3.4,4.1,6.1,8,9.6,9.84,8.972,5.808,7.108,7.15,7.15,7.15,7.15,7.15,5.55,5.55,5.55,5.55,3.24,3.64,7.85,9.327,9.69,9.738,13.318,14.623,14.411,14.203,12.703,15.683,25.87,31.388,27.09,76.91
Ireland,Million Kw,3.082,3.332,3.417,3.397,3.327,3.195,3.723,3.88,3.814,3.805,3.807,3.811,3.927,3.927,3.904,4.054,4.178,4.233,4.385,4.267,4.711,4.72,5.43,5.645,5.803,6.175,6.446,7.407,7.229,7.433,8.311,8.588,8.589,8.798,9.084,9.557,9.945,22.21
Israel,Million Kw,3.127,3.477,3.787,4.137,4.137,4.137,4.142,4.142,4.142,4.142,4.14,4.14,5.84,6.12,6.35,6.925,7.741,7.859,8.33,8.5856,9.1376,9.688,9.892,10.028,10.268,10.605,11.089,11.569,12.018,12.206,13.023,13.865,14.413,14.985,16.22,17.221,17.585,32.89
Italy,Million Kw,46.245,47.293,49.465,50.935,53.489,55.135,54.646,55.635,56.102,55.69,55.961,57.213,60.962,62.808,63.413,65.16,67.41,69.331,71.193,72.363,75.51,76.093,76.507,78.313,81.534,85.498,89.486,93.622,98.677,101.569,106.61,118.801,124.599,124.515,121.747,116.964,114.162,19.87
Jamaica,Million Kw,0.74,0.74,0.74,0.699,0.732,0.732,0.74,0.732,0.732,0.732,0.736,0.736,0.736,1.186,1.186,1.186,1.186,1.293,1.2921,1.2921,1.429,1.4291,1.13222,1.1726,1.1936,1.19159,1.192,1.192,1.194,1.189,0.94,0.871,0.9428,0.976,0.978,0.997,1.078,-17.75
Japan,Million Kw,142.766,150.205,153.671,159.575,164.035,168.036,173.468,177.629,180.828,185.76,193.681,198.288,204.507,212.095,219.607,224.747,233.864,240.046,247.681,250.975,258.355,261.536,266.145,269.049,273.841,275.916,277.728,278.203,280.885,283.649,286.192,288.83,294.797,302.413,272.861,283.032,295.917,-3.8
Jordan,Million Kw,0.522,0.642,0.572,0.7,0.712,0.986,0.984,0.984,1.052,1.048,1.048,1.048,1.048,1.006,1.066,1.126,1.26,1.276,1.65,1.654,1.662,1.662,1.7901,1.7902,1.9073,1.9068,2.1019,2.198,2.5361,2.6172,3.0514,3.4214,3.4215,3.7225,4.2125,4.382,4.764,60.95
Kazakhstan,Million Kw,--,--,--,--,--,--,--,--,--,--,--,--,18.862,18.626,19.117,19.056,17.484,17.46,17.448,16.306,18.096,17.28,16.695,16.703,16.756,16.919,17.1045,17.4375,17.4475,17.4575,18.9005,19.109,19.345,19.4298,19.5784,20.0994,20.1504,12.15
Kenya,Million Kw,0.526,0.526,0.514,0.514,0.514,0.514,0.53,0.53,0.674,0.6776,0.7841,0.76,0.76,0.76,0.763,0.764,0.764,0.817,0.822,0.9715,1.0785,1.271,1.181,1.237,1.3492,1.41035,1.43435,1.27135,1.33835,1.36835,1.528,1.6916,1.7465,1.8698,2.2224,2.322,2.401,62.41
Kiribati,Million Kw,0.002,0.002,0.002,0.002,0.002,0.002,0.002,0.002,0.002,0.002,0.002,0.002,0.002,0.002,0.002,0.002,0.002,0.002,0.002,0.002,0.0045,0.0046,0.0046,0.0036,0.005,0.005,0.005,0.007,0.007,0.007,0.0054,0.0054,0.0055,0.0065,0.0068,0.01,0.011,-2.86
North Korea,Million Kw,6.5,7,7.5,8.5,8.7,8.7,8.9,9.5,9.5,9.5,9.5,9.5,9.5,9.5,9.5,9.5,9.5,9.5,9.5,9.5,9.5,9.5,9.5,9.5,9.5,9.5,9.5,9.5,9.5002,9.5002,9.5012,9.5022,9.503,9.504,9.505,10.008,10.01,0.05
South Korea,Million Kw,9.01273,9.41273,9.82273,12.58873,13.66473,15.96317,17.78655,17.68527,18.57874,19.60166,19.62504,19.71454,22.72479,26.25771,29.222,32.533,38.369,44.744,48.264,50.812,52.967,56.987,58.171,60.854,63.666,66.172,69.82,73.109,79.791,80.599,85.682,84.689,87.847,91.488,99.831,103.219,111.162,23.86
Kosovo,Million Kw,--,--,--,--,--,--,--,--,--,--,--,--,--,--,--,--,--,--,--,--,--,--,--,--,--,--,--,--,1.521,1.521,1.523,1.524,1.524,1.525,1.525,1.5661,1.573,0.26
Kuwait,Million Kw,2.846,3.446,4.03,5.23,5.23,5.23,5.53,6.856,7.578,7.602,7.473,6.908,6.968,6.988,6.988,6.988,6.988,6.992,7.59,8.465,9.365,9.392,9.281,9.856,9.856,10.858,10.858,10.944,11.641,12.579,13.383,14.703,15.349,15.7191,15.821,17.894,18.891,25.77
Kyrgyz Republic,Million Kw,--,--,--,--,--,--,--,--,--,--,--,--,3.504,3.485,3.554,3.535,3.64,3.637,3.78,3.762,3.759,3.779,3.779,3.72,3.72,3.743,3.728,3.739,3.741,3.741,3.766,3.766,3.86,3.862,3.865,4.046,4.046,3.31
Laos,Million Kw,0.175,0.175,0.225,0.225,0.225,0.225,0.225,0.225,0.225,0.225,0.256,0.256,0.256,0.25,0.32,0.315,0.315,0.432,0.432,0.432,0.639,0.639,0.674,0.723,0.7226,0.731,0.731,0.731,0.731,1.855,2.57,2.62,3.0233,3.0703,3.3807,5.92,6.94,82.25
Latvia,Million Kw,--,--,--,--,--,--,--,--,--,--,--,--,2.033,2.039,2.037,2.081,2.084,2.05,2.08,2.086,2.102,2.144,2.182,2.162,2.165,2.175,2.16,2.141,2.165,2.512,2.557,2.5772,2.6582,2.9122,2.9242,2.9332,2.9317,16.41
Lebanon,Million Kw,0.668,0.709,0.709,0.819,0.819,0.819,0.819,0.819,1.199,1.22,1.22,1.22,1.22,1.22,1.22,1.22,1.262,1.309,1.344,2.2925,2.2925,2.294,2.531,2.663,2.663,2.32,2.314,2.314,2.314,2.314,2.3183,2.314,2.263,2.326,2.332,2.338,2.346,0.78
Lesotho,Million Kw,0,0,0,0,0,0,0,0,0,0,0,0,0,0,0,0,0,0.075,0.0757,0.0757,0.0757,0.0757,0.076,0.076,0.0757,0.076,0.076,0.08,0.08,0.08,0.08,0.08,0.08,0.0804,0.0804,0.0804,0.0804,0.5
Liberia,Million Kw,0.332,0.332,0.332,0.332,0.332,0.332,0.332,0.332,0.332,0.251,0.11,0.11,0.11,0.07,0.07,0.025,0.025,0.025,0.01,0.01,0.002,0.002,0.002,0.002,0.002,0.002,0.005,0.005,0.005,0.005,0.005,0.02,0.02,0.125,0.125,0.125,0.151,2400
Libya,Million Kw,1.175,1.18,1.26,1.3,1.8,2,2.8,2.9,3,4.1,4.6,4.6,4.6,4.6,4.6,4.6,4.6,4.6,4.6,4.6,4.6,4.601,4.708,4.708,4.642,5.125,5.44,5.543,6.615,6.769,7.07,8.911,8.912,9.46,9.46,9.46,9.46,39.75
Lithuania,Million Kw,--,--,--,--,--,--,--,--,--,--,--,--,5.577,4.947,4.949,4.949,4.949,4.949,4.949,4.948,4.948,4.951,5.703,5.712,4.531,4.538,4.579,4.614,4.656,3.535,3.5921,3.6733,4.262,4.358,4.076,3.634,3.71,15.3
Luxembourg,Million Kw,1.3,1.278,1.229,1.232,1.232,1.232,1.232,1.232,1.232,1.232,1.234,1.234,1.234,1.234,1.234,1.245,1.259,1.264,1.189,1.202,1.226,1.238,1.627,1.654,1.682,1.682,1.683,1.684,1.698,1.704,1.7,1.741,1.789,1.813,2.022,2.023,1.709,18.66
Macau,Million Kw,0.106,0.104,0.137,0.137,0.137,0.135,0.159,0.183,0.183,0.183,0.221,0.26,0.26,0.26,0.26,0.312,0.367,0.367,0.352,0.352,0.352,0.352,0.397,0.489,0.488,0.488,0.472,0.472,0.472,0.472,0.472,0.472,0.472,0.472,0.472,0.472,0.472,0
Macedonia,Million Kw,--,--,--,--,--,--,--,--,--,--,--,--,1.426,1.426,1.366,1.455,1.455,1.466,1.466,1.4438,1.444,1.446,1.446,1.458,1.526,1.55,1.557,1.558,1.568,1.599,1.641,1.644,1.706,1.717,1.746,1.768,1.828,9.19
Madagascar,Million Kw,0.102,0.102,0.204,0.205,0.22,0.22,0.219,0.22,0.22,0.22,0.22,0.22,0.22,0.22,0.22,0.228,0.227,0.227,0.227,0.227,0.227,0.226,0.228,0.247,0.272,0.303,0.339,0.348,0.431,0.431,0.4791,0.4793,0.5464,0.5484,0.5734,0.6674,0.6754,33.04
Malawi,Million Kw,0.146,0.146,0.161,0.158,0.158,0.17,0.185,0.185,0.185,0.185,0.185,0.185,0.185,0.185,0.185,0.189,0.244,0.246,0.242,0.242,0.254,0.315,0.315,0.311,0.311,0.314,0.314,0.314,0.299,0.299,0.3,0.316,0.317,0.369,0.371,0.375,0.375,24.08
Malaysia,Million Kw,3.089,3.142,3.318,3.679,4.028,4.173,4.601,4.822,4.917,4.967,5.037,6.06,6.7,6.857,9,10.6,12.5,13.541,13.606,12.696,14.116,15.169,16.027,20.476,24.792,23.707,23.062,23.53,23.933,26.066,27.831,29.178,29.194,29.921,29.608,30.321,33,13.59
Maldives,Million Kw,0.002,0.002,0.003,0.003,0.004,0.004,0.004,0.005,0.005,0.005,0.014,0.014,0.014,0.014,0.014,0.017,0.025,0.025,0.025,0.033,0.036,0.037,0.044,0.049,0.049,0.049,0.058,0.061,0.076,0.076,0.078,0.0794,0.0828,0.083,0.105,0.275,0.278,38.16
Mali,Million Kw,0.082,0.082,0.082,0.082,0.082,0.087,0.087,0.087,0.087,0.087,0.087,0.087,0.087,0.102,0.114,0.114,0.114,0.114,0.114,0.114,0.19,0.2501,0.2802,0.2803,0.2805,0.316,0.316,0.372,0.373,0.352,0.384,0.45,0.484,0.553,0.59,0.59,0.59,67.61
Malta,Million Kw,0.127,0.152,0.187,0.177,0.192,0.205,0.252,0.245,0.25,0.25,0.25,0.304,0.304,0.304,0.304,0.304,0.46,0.46,0.46,0.57,0.57,0.57,0.57,0.57,0.57,0.57,0.57,0.57,0.57,0.572,0.573,0.584,0.644,0.657,0.681,0.6701,0.5751,19.06
Martinique,Million Kw,0.065,0.07,0.075,0.082,0.086,0.09,0.095,0.11,0.11,0.11,0.258,0.258,0.258,0.322,0.322,0.342,0.396,0.396,0.396,0.396,0.396,0.396,0.4,0.4,0.401,0.4011,0.4011,0.4011,0.4051,0.4191,0.4311,0.4531,0.4651,0.4671,0.4961,0.5031,0.5051,18.37
Mauritania,Million Kw,0.069,0.069,0.069,0.105,0.105,0.105,0.105,0.105,0.105,0.105,0.105,0.105,0.105,0.105,0.105,0.113,0.123,0.123,0.126,0.145,0.145,0.145,0.168,0.172,0.242,0.242,0.253,0.253,0.263,0.263,0.293,0.293,0.293,0.325,0.334,0.541,0.558,27
Mauritius,Million Kw,0.243,0.243,0.243,0.274,0.274,0.274,0.279,0.279,0.302,0.302,0.313,0.32,0.331,0.338,0.338,0.364,0.369,0.404,0.484,0.5284,0.709,0.719,0.718,0.71,0.714,0.82858,0.78158,0.83318,0.79518,0.844,0.846,0.8281,0.8601,0.8581,0.8631,0.882,0.894,2.26
Mexico,Million Kw,16.712,19.592,20.59,21.299,21.752,22.982,23.333,25.104,26.128,27.362,27.532,29.315,29.697,31.252,34.286,35.042,36.824,37.295,37.491,37.939,40.251,42.422,45.697,49.69,52.247,52.485,55.34,57.828,58.147,59.464,61.403,62.059,64.019,64.037,66.185,67.434,72.556,11.3
Moldova,Million Kw,--,--,--,--,--,--,--,--,--,--,--,--,3.086,2.635,2.635,1.222,1.052,1.034,1.034,1.034,1.034,1.03,1.03,0.397,0.396,0.396,0.396,0.489,0.495,0.499,0.497,0.551,0.535,0.5354,0.5314,0.542,0.515,6.49
Mongolia,Million Kw,0.432,0.432,0.522,0.622,0.758,0.843,0.877,0.889,0.901,0.901,0.901,0.901,0.901,0.901,0.901,0.901,0.901,0.901,0.901,0.901,0.832,0.832,0.832,0.8322,0.8322,0.83221,0.83221,0.8332,0.837,0.837,0.866,0.944,0.944,1.034,1.034,1.134,1.134,23.54
Montenegro,Million Kw,--,--,--,--,--,--,--,--,--,--,--,--,--,--,--,--,--,--,--,--,--,--,--,--,--,--,0.868,0.868,0.868,0.868,0.8686,0.8688,0.8689,0.879,0.889,0.89,0.89,2.42
Montserrat,Million Kw,0.004,0.004,0.004,0.004,0.004,0.004,0.004,0.004,0.004,0.004,0.004,0.004,0.004,0.004,0.004,0.004,0.004,0.003,0.002,0.001,0.001,0.001,0.001,0.002,0.004,0.006,0.005,0.005,0.005,0.005,0.005,0.005,0.005,0.005,0.005,0.005,0.005,0
Morocco,Million Kw,1.593,1.744,1.896,1.943,2.108,2.26,2.239,2.239,2.331,2.351,2.422,2.455,2.62,2.722,3.788,3.827,3.894,3.957,4.069,4.069,4.7897,4.885,4.8587,4.859,5.549,5.497,5.683,5.7239,5.9,6.177,6.442,6.447,6.749,7.379,8.038,8.203,8.303,30.13
Mozambique,Million Kw,1.793,1.793,1.806,1.806,1.806,1.806,1.806,1.806,2.358,2.358,2.358,2.358,2.358,2.358,2.358,2.209,2.308,2.309,2.309,2.382,2.397,2.402,2.354,2.354,2.354,2.383,2.383,2.513,2.442,2.442,2.442,2.444,2.452,2.565,2.567,2.621,2.626,5.12
Namibia,Million Kw,--,--,--,--,--,--,--,--,--,--,0.249,0.249,0.249,0.249,0.249,0.249,0.393,0.393,0.393,0.393,0.393,0.393,0.393,0.393,0.393,0.393,0.3933,0.3955,0.3965,0.3975,0.3975,0.4005,0.5105,0.5005,0.5035,0.5145,0.5355,26.67
Nauru,Million Kw,0.01,0.01,0.01,0.01,0.01,0.01,0.01,0.01,0.01,0.01,0.01,0.01,0.01,0.01,0.01,0.01,0.01,0.01,0.01,0.01,0.01,0.01,0.01,0.01,0.007,0.004,0.004,0.006,0.006,0.006,0.006,0.005,0.0051,0.0052,0.0062,0.0062,0.007,3.33
Nepal,Million Kw,0.078,0.138,0.16,0.17,0.171,0.19,0.205,0.207,0.202,0.274,0.274,0.275,0.292,0.292,0.275,0.307,0.307,0.307,0.317,0.389,0.389,0.439,0.639,0.639,0.632,0.611,0.617,0.623,0.724,0.725,0.726,0.748,0.7681,0.7861,0.8641,0.9231,0.9431,19.19
Netherlands,Million Kw,17.293,17.684,17.379,17.201,16.586,17.051,17.378,17.376,17.471,17.321,17.315,17.243,17.149,17.151,17.868,18.409,19.647,19.303,19.324,19.705,21.063,20.383,20.878,20.928,21.834,21.801,22.95,23.775,24.849,25.97,26.658,28.021,29.896,30.536,31.759,33.863,34.173,22.29
Netherlands Antilles,Million Kw,0.35,0.35,0.35,0.35,0.35,0.2,0.2,0.2,0.2,0.2,0.2,0.2,0.21,0.22,0.22,0.22,0.22,0.22,0.23,0.23,0.233,0.242,0.247,0.247,0.247,0.247,0.247,0.247,0.247,0.255,0.255,0.255,0.276,0.379,0.379,0.416,0.416,48.63
New Caledonia,Million Kw,0.367,0.371,0.367,0.367,0.367,0.367,0.391,0.25,0.275,0.253,0.253,0.253,0.253,0.253,0.253,0.278,0.294,0.294,0.293,0.325,0.329,0.33,0.33,0.33,0.374,0.384,0.39,0.401,0.451,0.501,0.5022,0.5002,0.5042,0.6922,0.6852,0.6862,0.9962,36.77
New Zealand,Million Kw,5.677,5.687,5.685,6.225,6.831,7.289,7.239,7.24,7.24,6.921,6.806,6.701,7.131,7.139,7.388,7.507,7.292,7.39,7.616,8.452,8.388,8.487,8.524,8.551,8.841,8.854,8.867,9.42,9.376,9.406,9.46,9.559,9.689,9.529,9.77,9.454,9.301,3.87
Nicaragua,Million Kw,0.365,0.364,0.36,0.359,0.359,0.35,0.35,0.353,0.353,0.356,0.356,0.387,0.387,0.387,0.387,0.387,0.376,0.4015,0.6378,0.5712,0.66932,0.6554,0.7138,0.7584,0.87621,0.89633,0.88963,0.962,1.0179,1.1044,1.1965,1.2435,1.4231,1.4131,1.4667,1.4857,1.5507,32.81
Niger,Million Kw,0.037,0.05,0.063,0.063,0.063,0.063,0.063,0.063,0.063,0.063,0.063,0.145,0.145,0.145,0.145,0.145,0.145,0.145,0.145,0.145,0.1455,0.1456,0.1456,0.1457,0.1328,0.134,0.134,0.134,0.134,0.135,0.136,0.137,0.138,0.177,0.178,0.183,0.184,31.85
Nigeria,Million Kw,2.507,2.755,2.872,3.192,3.572,4.192,4.574,4.574,4.574,4.96,5.958,5.959,5.881,5.881,5.881,5.881,5.888,5.888,5.888,5.888,5.888,5.888,5.889,5.9,5.9,5.9,7.4422,7.9622,8.4712,8.7042,8.4272,8.9122,9.0292,9.9492,10.517,10.518,10.519,20.83
Niue,Million Kw,0.001,0.001,0.001,0.001,0.001,0.001,0.001,0.001,0.001,0.001,0.001,0.001,0.001,0.001,0.001,0.001,0.001,0.001,0.001,0.001,0.001,0.001,0.001,0.001,0.001,0.001,0.001,0.001,0.001,0.001,0.0011,0.0011,0.0011,0.0021,0.0023,0.0023,0.0023,130
Northern Mariana Islands,Million Kw,NA,NA,NA,NA,NA,NA,NA,NA,NA,NA,NA,NA,NA,NA,NA,NA,NA,NA,NA,NA,NA,NA,NA,NA,NA,NA,NA,NA,NA,NA,NA,NA,NA,NA,NA,NA,NA,
Norway,Million Kw,20.012,21.544,22.369,22.952,23.206,23.651,24.781,25.583,25.689,27.033,27.067,27.073,27.213,27.268,27.5,28.19,28.305,28.138,27.782,28.332,28.415,27.966,28.282,28.369,28.477,29.122,29.308,30.001,30.565,31.264,31.697,32.092,32.87,33.497,33.71,33.852,33.855,7.82
Oman,Million Kw,0.479,0.611,0.644,0.904,1.107,1.157,1.412,1.477,1.497,1.531,1.564,1.539,1.539,1.715,1.744,1.958,2.037,2.14,2.201,2.009,2.305,2.302,2.304,2.788,3.024,2.983,3.314,3.42,3.859,4.202,4.265,4.861,5.808,6.599,8.215,7.87,8.167,95.5
Pakistan,Million Kw,3.763,4.123,4.784,4.787,6.585,6.875,7.485,7.885,8.055,8.206,7.727,8.344,9.357,10.574,11.307,12.088,12.957,14.677,15.816,17.387,17.953,18.217,18.143,19.437,19.572,19.694,19.693,19.718,20.21,21.348,22.654,23.214,23.161,24.153,25.445,26.024,26.895,19.19
Palestine,Million Kw,--,--,--,--,--,--,--,--,--,--,--,--,--,--,--,--,--,0,0,0,0,0.05,0.14,0.14,0.14,0.14,0.14,0.14,0.14,0.14,0.14,0.14,0.141,0.141,0.143,0.152,0.17,2.14
Panama,Million Kw,0.566,0.564,0.585,0.879,0.898,0.894,0.899,0.942,0.942,0.952,0.957,0.957,0.957,0.959,0.957,0.957,0.959,0.984,1.049,1.1821,1.2581,1.2697,1.206,1.334,1.5937,1.6326,1.478,1.52,1.678,1.839,1.998,2.423,2.4551,2.58,2.862,3.298,3.4,55.63
Papua New Guinea,Million Kw,0.322,0.434,0.45,0.47,0.491,0.456,0.469,0.485,0.49,0.49,0.49,0.49,0.49,0.49,0.455,0.519,0.499,0.499,0.534,0.539,0.539,0.542,0.638,0.644,0.62,0.65,0.667,0.687,0.757,0.767,0.7763,0.7923,0.7923,0.8623,0.8863,0.9006,0.9009,15.55
Paraguay,Million Kw,0.24,0.294,0.294,0.644,1.337,1.635,3.384,4.434,5.484,5.833,6.533,6.533,6.533,6.533,6.533,6.913,7.151,7.433,7.433,7.4285,7.4285,7.4161,7.4161,7.4161,7.4161,7.4161,8.116,8.136,8.136,8.816,8.816,8.816,8.816,8.865,8.87,8.87,8.87,0.61
Peru,Million Kw,3.238,3.377,3.424,3.502,3.514,3.748,3.871,4.006,4.012,4.141,4.182,4.172,4.152,4.375,4.43,4.553,4.632,5.036,5.6411,5.6139,6.10155,5.9411,5.97087,6.01041,6.05667,6.2792,6.6977,7.0577,7.1977,8.0617,8.6957,8.6447,9.8277,11.2597,11.743,12.386,14.732,45.66
Philippines,Million Kw,4.05,4.497,4.842,5.37,5.646,5.849,6.094,6.125,6.2,6.266,6.34,6.768,6.918,7.292,8.475,8.869,10.08,10.175,10.497,10.763,13.6,13.792,15.038,15.4605,16.233,16.304,16.488,16.621,16.366,16.305,17.056,16.865,17.722,18.021,18.702,19.469,22.127,14.7
Poland,Million Kw,24.723,24.736,25.994,26.833,27.788,29.039,29.774,30.11,28.256,28.096,27.663,28.077,28.456,28.926,29.444,29.265,29.513,29.745,29.859,30.412,30.559,30.673,30.815,31.642,31.918,32.295,32.398,32.529,32.679,33.035,33.362,34.554,35.283,35.815,35.989,37.327,38.106,8.94
Portugal,Million Kw,4.437,4.624,5.307,5.633,5.654,6.008,6.453,6.846,6.91,7.337,7.202,7.252,7.981,8.481,8.586,9.096,9.164,9.218,9.516,10.385,10.908,10.991,11.236,11.616,12.692,13.374,14.447,15.003,15.766,17.403,18.932,19.924,19.7473,18.9003,19.125,19.625,20.561,9.89
Puerto Rico,Million Kw,4.3,4.1,4.1,4.1,4.1,4.2,4.2,4.22,4.22,4.23,4.23,4.23,4.23,4.23,4.396,4.396,4.396,4.396,4.903,4.9178,4.9028,4.9028,5.358,5.358,5.357425,5.402,5.493,5.515,5.515,5.899,6.084,6.084,6.162,6.213,6.228,6.252,6.294,5.58
Qatar,Million Kw,0.685,0.805,0.865,0.905,1.005,1.005,1.005,1.005,1.105,1.1,1.105,1.105,1.11,1.11,1.303,1.365,1.445,1.475,1.9,1.9,2.248,2.338,2.538,2.676,2.9,2.829,3.028,3.164,4.314,5.321,7.83,7.8707,7.8707,8.793,8.795,8.795,8.796,65.29
Reunion,Million Kw,0.132,0.136,0.139,0.141,0.141,0.151,0.175,0.189,0.224,0.224,0.224,0.292,0.299,0.299,0.299,0.305,0.435,0.435,0.435,0.435,0.458,0.463,0.463,0.463,0.505,0.553,0.567,0.62,0.625,0.69,0.736,0.784,0.896,0.896,0.848,0.881,0.882,22.9
Romania,Million Kw,16.109,16.612,17.47,17.988,18.824,19.574,20.392,21.73,22.376,22.903,22.478,22.268,22.268,22.261,22.06,22.276,23.501,23.489,23.212,22.891,22.56,21.518,20.314,20.023,20.281,19.038,19.31,20.507,19.635,19.453,19.4705,20.421,21.699,22.887,23.572,24.034,23.943,21.17
Russian Federation,Million Kw,--,--,--,--,--,--,--,--,--,--,--,--,211.744,213.216,214.7,208.648,207.348,205.448,203.448,203.248,204.4744,206.3224,214.1114,215.2484,216.8554,218.0674,220.6074,223.1759,222.8029,224.1449,229.3169,232.8419,234.787,238.928,259.485,257.29,244.867,15.77
Rwanda,Million Kw,0.044,0.058,0.059,0.059,0.06,0.06,0.06,0.06,0.06,0.03,0.034,0.034,0.034,0.034,0.034,0.039,0.039,0.039,0.043,0.043,0.044,0.044,0.044,0.044,0.052,0.058,0.058,0.058,0.058,0.062,0.0763,0.0853,0.1023,0.1173,0.131,0.191,0.191,111.29
Saint Helena,Million Kw,0,0,0.002,0.002,0.002,0.002,0.002,0.002,0.002,0.003,0.003,0.003,0.003,0.005,0.004,0.004,0.004,0.004,0.004,0.004,0.004,0.004,0.004,0.004,0.004,0.004,0.004,0.004,0.005,0.005,0.005,0.005,0.008,0.008,0.008,0.008,0.008,60
Saint Kitts and Nevis,Million Kw,0.015,0.015,0.015,0.015,0.015,0.015,0.015,0.015,0.015,0.015,0.015,0.015,0.015,0.015,0.016,0.016,0.019,0.019,0.019,0.02,0.02,0.044,0.044,0.044,0.044,0.044,0.051,0.051,0.044,0.044,0.049,0.0562,0.0622,0.0626,0.0632,0.0632,0.0642,43.64
Saint Lucia,Million Kw,0.016,0.016,0.016,0.016,0.02,0.02,0.02,0.022,0.022,0.022,0.022,0.0317,0.0329,0.0402,0.0445,0.0445,0.0445,0.0599,0.0599,0.0599,0.0664,0.0664,0.0664,0.0568,0.0568,0.0658,0.0658,0.076,0.076,0.076,0.076,0.076,0.0861,0.0861,0.0881,0.089,0.089,15.92
Saint Pierre and Miquelon,Million Kw,0.01,0.017,0.017,0.017,0.021,0.024,0.024,0.024,0.024,0.024,0.024,0.024,0.027,0.027,0.027,0.027,0.027,0.027,0.027,0.027,0.027,0.027,0.027,0.027,0.026,0.026,0.026,0.0266,0.0266,0.0266,0.0266,0.0266,0.0266,0.0276,0.0276,0.0276,0.0276,3.76
Saint Vincent/Grenadines,Million Kw,0.01,0.01,0.01,0.01,0.01,0.01,0.01,0.01,0.01,0.014,0.014,0.014,0.014,0.014,0.014,0.014,0.016,0.016,0.016,0.0156,0.027,0.027,0.031,0.029,0.032,0.037,0.04,0.045,0.048,0.047,0.047,0.047,0.0471,0.0534,0.0534,0.054,0.054,13.62
Samoa,Million Kw,0.013,0.017,0.017,0.017,0.017,0.017,0.017,0.017,0.019,0.019,0.019,0.019,0.019,0.019,0.019,0.025,0.025,0.025,0.025,0.0264,0.0294,0.032,0.037,0.039,0.0394,0.0402,0.0412,0.0412,0.042,0.042,0.042,0.042,0.042,0.0422,0.042,0.041,0.045,0
Sao Tome and Principe,Million Kw,0.005,0.005,0.006,0.006,0.006,0.006,0.006,0.006,0.006,0.006,0.006,0.006,0.006,0.006,0.006,0.01,0.01,0.01,0.01,0.01025,0.01425,0.014,0.014,0.014,0.014,0.018,0.018,0.018,0.018,0.018,0.014,0.018,0.018,0.018,0.0181,0.0181,0.0181,0.56
Saudi Arabia,Million Kw,7.359,9.145,10.974,12.123,15.071,15.249,15.581,16.861,16.909,19.059,19.459,19.311,19.258,19.786,19.711,19.855,21.135,21.66,22.458,22.917,23.792,25.282,28.457,30.219,30.673,33.535,40.385,41.69,45.77,44.58,46.372,51.151,62.144,64.453,75.144,82.13,82.94,68.56
Senegal,Million Kw,0.18,0.188,0.191,0.207,0.207,0.207,0.207,0.231,0.231,0.231,0.231,0.231,0.231,0.231,0.231,0.231,0.235,0.235,0.235,0.27,0.292,0.3121,0.4983,0.4674,0.5026,0.584,0.563,0.652,0.713,0.714,0.78,0.923,0.931,0.941,0.944,0.945,0.977,32.21
Serbia,Million Kw,--,--,--,--,--,--,--,--,--,--,--,--,--,--,--,--,--,--,--,--,--,--,--,--,--,--,8.344,8.344,7.11,7.125,7.125,7.128,7.132,7.134,7.136,7.319,7.342,0.15
Seychelles,Million Kw,0.019,0.019,0.019,0.019,0.019,0.024,0.024,0.024,0.024,0.029,0.029,0.028,0.028,0.028,0.033,0.033,0.035,0.041,0.05,0.088,0.093,0.093,0.093,0.089,0.089,0.089,0.089,0.089,0.089,0.089,0.08,0.08,0.08,0.086,0.087,0.087,0.088,-2.25
Sierra Leone,Million Kw,0.084,0.084,0.085,0.086,0.086,0.102,0.083,0.098,0.126,0.126,0.126,0.126,0.126,0.126,0.126,0.084,0.068,0.068,0.059,0.059,0.055,0.033,0.041,0.041,0.04,0.04,0.046,0.031,0.031,0.031,0.081,0.081,0.081,0.081,0.113,0.1132,0.1133,264.52
Singapore,Million Kw,2.01,2.106,2.691,2.691,2.691,2.741,3.371,3.371,3.38,3.38,3.6,3.8,4.1,4.513,4.553,4.678,5.255,5.765,5.521,6.73,6.73,7.642,7.28,7.488,9.629,9.611,9.394,9.909,9.948,9.902,9.804,9.79,10.691,12.308,12.788,13.28,13.346,29.15
Slovakia,Million Kw,--,--,--,--,--,--,--,--,--,--,--,--,--,6.832,7.115,7.11,7.423,7.799,7.617,7.992,7.254,8.133,7.931,7.977,8.08,8.059,7.613,7.182,6.868,7.095,7.869,8.239,8.289,8.333,7.966,7.656,7.644,12.28
Slovenia,Million Kw,--,--,--,--,--,--,--,--,--,--,--,--,2.531,2.469,2.48,2.474,2.451,2.451,2.608,2.593,2.637,2.832,2.997,2.99,2.985,2.992,3.038,3.035,2.989,3.05,3.193,3.268,3.351,3.434,3.454,3.36,3.536,13.25
Solomon Islands,Million Kw,0.012,0.012,0.013,0.013,0.013,0.013,0.013,0.013,0.012,0.012,0.012,0.012,0.012,0.012,0.012,0.012,0.012,0.012,0.012,0.013,0.014,0.014,0.014,0.036,0.036,0.036,0.036,0.036,0.036,0.036,0.036,0.037,0.037,0.037,0.037,0.037,0.038,2.78
Somalia,Million Kw,0.049,0.049,0.054,0.06,0.06,0.06,0.07,0.07,0.07,0.07,0.07,0.07,0.07,0.07,0.075,0.075,0.079,0.079,0.079,0.079,0.06,0.06,0.06,0.06,0.06,0.06,0.06,0.08,0.08,0.08,0.08,0.08,0.082,0.082,0.083,0.084,0.085,3.75
South Africa,Million Kw,20.548,23.859,23.959,24.559,25.47,24.369,26.696,29.628,31.475,32.417,33.853,36.238,36.856,37.646,35.936,37.76,36.573,39.132,39.447,41.215,46.2528,42.0521,42.0164,42.0177,42.019,42.02,42.629,42.854,44.216,44.2,44.174,44.178,44.279,44.603,45.971,47.439,50.021,4.01
South Sudan,Million Kw,--,--,--,--,--,--,--,--,--,--,--,--,--,--,--,--,--,--,--,--,--,--,--,--,--,--,--,--,--,--,--,--,0.0802,0.0802,0.0802,0.0802,0.0804,0
Spain,Million Kw,29.923,31.562,32.201,34.169,37.232,39.675,40.224,42.172,42.838,43.554,43.397,43.616,43.747,43.855,44.445,45.629,46.609,47.773,49.003,49.696,53.889,55.828,60.494,71.81,69.657,76.587,81.329,88.804,93.738,96.661,102.067,102.9233,105.2813,106.1353,106.2093,106.6233,105.9073,9.88
Sri Lanka,Million Kw,0.522,0.562,0.592,0.812,0.949,1.065,1.071,1.208,1.238,1.289,1.289,1.409,1.583,1.557,1.557,1.533,1.576,1.744,1.747,1.7745,2.1088,2.2256,2.2339,2.2275,2.3166,2.4216,2.456,2.447,2.6668,2.7066,2.825,3.179,3.414,3.298,3.839,3.869,3.998,41.84
Sudan,Million Kw,0.31,0.323,0.368,0.39,0.45,0.45,0.45,0.45,0.45,0.5,0.5,0.5,0.5,0.5,0.5,0.578,0.653,0.663,0.668,0.668,0.846,0.872,0.875,0.962,1.012,1.048,1.147,1.148,1.355,2.355,2.477,2.824,3.086,3.086,3.086,3.436,3.437,31.04
Suriname,Million Kw,0.409,0.415,0.415,0.415,0.415,0.415,0.415,0.415,0.415,0.415,0.314,0.314,0.314,0.314,0.314,0.314,0.314,0.314,0.314,0.389,0.389,0.389,0.389,0.389,0.389,0.389,0.389,0.389,0.389,0.389,0.4102,0.4273,0.4277,0.4279,0.502,0.504,0.504,29.05
Swaziland,Million Kw,0.082,0.087,0.075,0.076,0.082,0.082,0.085,0.109,0.119,0.122,0.122,0.122,0.122,0.13,0.13,0.131,0.131,0.131,0.131,0.131,0.168,0.168,0.189,0.189,0.189,0.1891,0.1902,0.1902,0.2092,0.2103,0.2106,0.2757,0.2808,0.2958,0.2958,0.2958,0.2959,40.66
Sweden,Million Kw,28.317,28.495,30.569,30.64,30.855,33.165,33.078,32.987,33.134,33.798,32.807,33.237,33.486,33.538,33.196,32.268,32.521,32.958,31.414,31.656,33.675,33.813,32.499,33.368,33.693,32.824,33.669,34.26,34.001,35.482,36.78,35.23,37.802,37.981,38.699,39.672,40.285,9.07
Switzerland,Million Kw,15.535,15.55,15.564,15.563,16.585,16.56,16.67,16.704,16.715,16.766,16.315,16.4,16.466,16.58,16.778,16.812,17.075,17.114,17.123,17.221,17.134,17.204,17.223,17.299,17.34,17.396,17.413,17.507,17.69,17.892,18.072,18.2185,18.584,18.962,19.19,19.618,20.839,7.25
Syria,Million Kw,1.104,1.808,1.967,2.834,2.918,2.918,3.024,3.23,3.23,3.258,3.545,3.592,3.618,3.735,4.201,4.33,4.53,4.58,4.71,5.99,7.466,8.269,7.809,7.678,7.678,7.577,7.8033,8.5303,7.6424,8.3296,8.2136,8.2136,8.2136,8.2136,9.0516,9.0576,9.0576,8.67
Taiwan,Million Kw,9.61,10.807,12.595,13.178,14.7,16.79,17.333,17.465,17.723,17.671,18.448,20.208,21.201,21.408,20.727,21.638,23.503,25.476,26.42,28.22,34.3351,35.0072,37.5803,39.5905,41.4276,42.6159,44.5087,45.336,45.8493,47.4842,48.3959,48.3434,47.9783,48.4162,48.0472,48.2957,49.516,1.19
Tajikistan,Million Kw,--,--,--,--,--,--,--,--,--,--,--,--,4.442,4.443,4.443,4.443,4.443,4.443,4.443,4.443,4.443,4.443,4.443,4.443,4.443,4.426,4.426,4.426,4.379,5.049,5.048,5.174,5.164,5.168,5.278,5.448,5.508,4.54
Tanzania,Million Kw,0.42,0.431,0.439,0.439,0.439,0.439,0.439,0.439,0.439,0.506,0.506,0.506,0.506,0.506,0.543,0.591,0.591,0.591,0.596,0.803,0.892,0.892,0.914,0.9222,0.9225,0.9608,0.9991,1,1.101,1.052,1.162,1.173,1.183,1.186,1.187,1.455,1.457,12.83
Thailand,Million Kw,4.458,4.877,5.548,6.742,7.395,7.73,7.981,8.052,8.494,8.497,10.088,11.135,13.24,14.295,15.463,17.904,19.047,20.893,22.034,21.683,22.2513,23.2193,26.2243,26.7293,27.9043,28.42045,29.32385,31.0896,32.6967,32.1083,33.8979,34.68,36.457,38.5408,40.1088,40.9169,44.8943,24.92
Timor-Leste (East Timor),Million Kw,--,--,--,--,--,--,--,--,--,--,--,--,--,--,--,--,--,--,--,--,--,--,--,0,0,0,0,0,0,0,0,0,0,0.0006,0.0006,0.0006,0.0006,0
Togo,Million Kw,0.033,0.033,0.034,0.034,0.034,0.034,0.034,0.097,0.097,0.097,0.097,0.097,0.097,0.097,0.097,0.097,0.097,0.097,0.097,0.092,0.092,0.092,0.0481,0.0481,0.0581,0.0681,0.1601,0.1861,0.1871,0.1871,0.1872,0.1974,0.2275,0.2276,0.2282,0.2294,0.23,21.97
Tonga,Million Kw,0.006,0.006,0.006,0.006,0.006,0.006,0.006,0.007,0.007,0.007,0.007,0.007,0.007,0.007,0.007,0.007,0.007,0.007,0.007,0.008,0.008,0.01,0.0101,0.0121,0.0123,0.0123,0.0123,0.0123,0.0123,0.0123,0.0143,0.0145,0.0155,0.016,0.016,0.018,0.0203,30.08
Trinidad and Tobago,Million Kw,0.832,0.76,0.76,0.982,0.985,0.985,0.985,0.985,0.985,0.985,1.15,1.15,1.15,1.15,1.15,1.15,1.253,1.253,1.253,1.417,1.4221,1.4221,1.4856,1.486,1.4864,1.4865,1.4267,1.4969,1.817,1.8173,1.888,2.338,2.608,2.608,2.608,2.608,2.608,43.51
Tunisia,Million Kw,0.929,0.949,0.984,1.13,1.414,1.414,1.414,1.414,1.414,1.414,1.379,1.379,1.379,1.379,1.615,1.738,1.721,2.018,2.35,2.4153,2.4353,2.884,2.889,2.962,3.084,3.304,3.338,3.313,3.653,3.772,3.773,4.223,4.215,4.545,5.011,5.453,5.768,32.85
Turkey,Million Kw,5.107,5.526,6.639,6.935,8.445,9.104,10.098,12.477,14.503,15.791,16.3,17.181,18.688,20.306,20.829,20.923,21.218,21.86,23.306,25.999,27.2641,28.3323,31.8466,35.596,36.8335,38.845,40.59,40.86,41.844,44.788,49.53,52.9182,57.071,64.026,69.541,73.146,78.497,55.27
Turkmenistan,Million Kw,--,--,--,--,--,--,--,--,--,--,--,--,3.944,3.944,3.944,3.944,3.944,2.854,2.854,2.854,3.106,3.106,3.106,3.106,3.1062,3.106,2.852,2.852,2.852,2.852,3.001,3.201,3.401,3.801,4.001,4.001,4.001,40.29
Turks and Caicos Islands,Million Kw,0.004,0.004,0.004,0.004,0.004,0.004,0.004,0.004,0.004,0.004,0.004,0.004,0.004,0.004,0.004,0.004,0.004,0.004,0.004,0.004,0.012,0.015,0.02,0.025,0.03,0.035,0.04,0.05,0.05,0.054,0.057,0.065,0.076,0.076,0.079,0.082,0.082,46.3
U.S. Pacific Islands,Million Kw,0.045,0.045,0.048,0.048,0.052,0.057,0.057,0.057,0.052,0.052,0.052,0.052,0.052,0.052,0.052,0.052,0.052,0.052,0.052,0.052,0.052,0.052,0.052,0.052,0.052,0.052,0.052,0.052,0.052,0.052,0.052,0.052,0.052,0.052,0.052,0.052,0.052,0
U.S. Territories,Million Kw,-,-,-,-,-,-,-,-,-,-,-,-,-,-,-,-,-,-,-,-,-,-,-,-,-,-,-,-,-,-,-,-,-,-,-,-,-,
Uganda,Million Kw,0.163,0.163,0.162,0.162,0.162,0.162,0.162,0.162,0.162,0.162,0.162,0.162,0.162,0.162,0.162,0.193,0.19,0.265,0.265,0.28,0.2962,0.3198,0.3201,0.3207,0.3213,0.322,0.424,0.441,0.557,0.629,0.65,0.685,0.935,0.981,0.996,1.006,1.02,58.35
Ukraine,Million Kw,--,--,--,--,--,--,--,--,--,--,--,--,54.01,53.501,53.538,54.47,53.545,53.314,53.171,53.165,52.176,52.216,52.231,52.053,53.143,52.821,53.052,53.218,53.287,53.653,53.838,53.9471,54.36,55.357,55.572,55.729,57.275,3.58
United Arab Emirates,Million Kw,1.303,3.033,3.574,3.746,3.859,4.01,4.234,4.138,4.721,4.721,4.7,4.7,4.756,4.756,5.29,5.39,5.49,5.6,5.71,5.82,8.28,8.611,9.13,12.172,13.55,15.71,17.28,18.474,19.814,20.579,23.226,26.143,27.194,27.439,28.901,28.904,28.911,40.44
United Kingdom,Million Kw,73.608,69.098,69.166,68.239,70.016,70.383,69.477,70.597,73.216,74.587,73.082,70.315,67.511,68.113,68.184,69.758,72.844,72.21,72.496,74.446,78.397,79.9575,76.9425,78.6695,80.8585,82.4905,83.6285,83.5375,84.8835,86.739,92.948,93.078,95.333,92.957,96.058,96.73,97.062,10.74
United States,Million Kw,577.6135,597.31314,612.593125,619.675009,633.531479,653.252389,662.878925,672.125225,675.604927,709.75814,720.7804,725.437086,731.680874,739.376372,748.395563,753.613175,760.030729,762.523659,759.614431,768.962028,811.719,848.254,905.301,948.446,962.942,978.02,986.215,994.888,1010.171,1025.4004,1039.0618,1051.251,1063.033,1060.0635,1068.4222,1064.0545,1074.3328,4.2
Uruguay,Million Kw,0.944,1.364,1.339,1.301,1.291,1.449,1.449,1.449,1.681,1.681,1.681,1.748,2.018,2.037,2.2,2.142,2.174,2.187,2.179,2.178,2.19,2.18,2.184,2.183,2.181,2.06,2.25945,2.60645,2.721,2.822,3.0225,3.0395,3.3347,3.7083,4.202,4.423,4.808,48.9
Uzbekistan,Million Kw,--,--,--,--,--,--,--,--,--,--,--,--,11.405,11.402,11.402,11.713,11.791,11.752,11.728,11.704,11.69,11.631,11.751,11.751,11.751,12.551,12.551,12.359,11.58,12.379,12.369,12.369,12.584,12.731,12.861,12.928,12.961,3.89
Vanuatu,Million Kw,0.01,0.01,0.01,0.011,0.011,0.011,0.011,0.011,0.011,0.011,0.011,0.011,0.011,0.011,0.011,0.011,0.012,0.012,0.012,0.016,0.016,0.021,0.021,0.021,0.021,0.021,0.021,0.024,0.028,0.028,0.028,0.0301,0.0301,0.0332,0.0332,0.0332,0.037,18.57
Venezuela,Million Kw,9.225,10.125,10.875,12.499,15.511,18.194,19.357,17.444,18.52,18.52,19.033,19.283,18.912,18.966,18.966,19.07,20.764,21.551,21.66,21.292,21.233,21.318,20.577,20.577,22.124,22.135,22.215,22.54,23.124,24.846,26.159,27.01,28.831,31.594,31.681,30.995,30.995,27.51
Vietnam,Million Kw,1.17,1.18,1.19,1.22,1.45,1.55,1.65,1.75,1.85,1.95,2.155,2.3,2.935,3.41,4.05,4.43,4.648,4.895,5.703,5.643,6.379,8.453,8.699,9.159,11.73,12.385,12.96,13.35,15.016,17.007,18.449,22.19,27.078,30.644,33.452,38.968,40.767,96.7
"Virgin Islands,  U.S.",Million Kw,0.341,0.341,0.341,0.341,0.341,0.341,0.316,0.316,0.316,0.316,0.316,0.316,0.316,0.316,0.316,0.323,0.323,0.323,0.323,0.323,0.323,0.323,0.323,0.323,0.323,0.323,0.323,0.323,0.323,0.323,0.323,0.3165,0.3166,0.3169,0.321,0.325,0.325,-0.62
"Virgin Islands, British",Million Kw,0.005,0.005,0.01,0.01,0.01,0.012,0.012,0.013,0.013,0.013,0.013,0.013,0.013,0.013,0.013,0.013,0.013,0.01,0.01,0.01,0.01,0.01,0.01,0.01,0.039,0.042,0.042,0.042,0.042,0.044,0.0451,0.0451,0.0451,0.0451,0.0451,0.0452,0.0452,2.5
Wake Island,Million Kw,0,0,0,0,0,0,0,0,0,0,0,0,0,0,0,0,0,0,0,0,0,0,0,0,0,0,0,0,0,0,0,0,0,0,0,0,0,0
Western Sahara,Million Kw,0.056,0.056,0.056,0.056,0.056,0.056,0.056,0.056,0.056,0.056,0.056,0.056,0.056,0.056,0.056,0.056,0.056,0.056,0.056,0.058,0.058,0.058,0.058,0.058,0.058,0.058,0.058,0.058,0.058,0.058,0.058,0.058,0.058,0.058,0.058,0.058,0.058,0
"Yemen, Rep.",Million Kw,0.234,0.234,0.254,0.254,0.42,0.638,0.638,0.638,0.638,0.638,0.622,0.7,0.715,0.724,0.726,0.729,0.757,0.754,0.775,0.787,0.882,0.882,0.96,0.997,1.105,1.116,1.132,1.16,1.2209,1.331,1.569,1.534,1.534,1.535,1.524,1.579,1.819,14.5
Zambia,Million Kw,1.607,1.607,1.607,1.607,1.598,1.598,1.598,1.583,1.583,1.7,1.7,1.7,1.7,1.681,1.681,1.685,1.685,1.685,1.685,1.685,1.732,1.7321,1.7722,1.7722,1.8003,1.7946,1.924,1.924,1.952,1.963,1.97,1.97,1.97,2.08,2.452,2.503,2.573,24.91
Zimbabwe,Million Kw,1.12,1.12,1.12,1.12,1.539,1.539,1.539,1.634,1.634,1.634,2.038,2.038,2.038,2.148,2.148,2.148,2.071,2.071,1.881,1.881,2.025,2.159,2.1791,2.1791,2.1796,2.086,2.086,2.144,2.188,2.191,2.06,2.068,2.141,2.209,2.109,2.111,2.122,-3.74
