CountryID,Country,1970,1971,1972,1973,1974,1975,1976,1977,1978,1979,1980,1981,1982,1983,1984,1985,1986,1987,1988,1989,1990,1991,1992,1993,1994,1995,1996,1997,1998,1999,2000,2001,2002,2003,2004,2005,2006,2007,2008,2009,2010,2011,2012,2013,2014,2015,2016
4,Afghanistan,964,936,762,765,787,818,846,789,837,811,784,813,850,917,961,985,"1,030",932,852,776,723,607,573,398,289,410,373,343,319,295,269,243,383,395,386,409,432,488,487,556,558,588,631,650,649,619,624
8,Albania,"1,688","1,715","1,743","1,772","1,801","1,833","1,866","1,896","1,936","1,971","1,993","2,066","2,086","2,069","2,002","1,992","2,053","1,984","1,909","2,061","1,840","1,327","1,245","1,386","1,524","1,746","1,914","1,706","1,850","2,081","2,221","2,405","2,516","2,662","2,821","2,995","3,198","3,423","3,719","3,882","4,056","4,179","4,248","4,292","4,365","4,459","4,604"
12,Algeria,"2,740","2,411","2,867","2,910","2,938","3,023","3,120","3,317","3,550","3,704","3,622","3,617","3,730","3,811","3,902","3,926","3,827","3,693","3,556","3,614","3,551","3,424","3,405","3,261","3,166","3,225","3,299","3,282","3,398","3,458","3,541","3,601","3,754","3,974","4,091","4,273","4,282","4,360","4,393","4,387","4,463","4,505","4,566","4,599","4,679","4,760","4,828"
20,Andorra,"43,119","42,859","44,054","45,231","45,688","44,163","44,083","43,960","43,326","41,998","41,439","39,803","38,636","37,633","36,655","35,913","35,554","36,025","36,375","36,666","36,614","36,114","35,077","33,529","33,394","33,684","34,971","38,162","39,495","40,968","40,799","41,418","42,394","45,517","47,030","48,829","49,705","48,708","43,898","41,977","39,734","38,203","38,188","39,102","40,783","41,763","42,679"
24,Angola,"3,556","3,687","3,607","3,801","3,816","3,527","3,251","3,184","2,927","2,846","2,820","2,604","2,513","2,526","2,587","2,594","2,600","2,709","2,786","2,723","2,634","2,579","2,351","1,729","1,697","1,893","2,089","2,180","2,221","2,206","2,206","2,203","2,438","2,424","2,595","2,880","3,100","3,410","3,658","3,548","3,586","3,580","3,750","3,799","3,819","3,725","3,578"
660,Anguilla,"5,435","5,260","5,821","6,014","5,965","6,139","6,205","6,191","6,631","7,257","7,623","7,969","7,954","8,020","8,360","9,279","10,138","10,717","11,765","12,139","14,560","11,459","14,231","14,817","15,549","14,777","14,762","15,951","17,187","17,416","17,197","17,144","16,040","16,483","18,326","20,243","23,848","26,521","25,725","20,672","19,459","19,990","18,484","18,153","18,852","19,246","19,263"
28,Antigua and Barbuda,"3,921","4,147","4,390","4,703","4,807","4,497","4,056","4,316","4,441","4,906","5,241","5,528","5,597","6,048","6,583","7,189","7,904","8,715","9,485","10,048","10,340","10,469","10,417","10,730","11,162","10,400","10,792","11,073","11,291","11,426","11,935","11,147","11,103","11,638","12,171","12,807","14,171","15,406","15,219","13,219","12,127","11,743","12,022","11,881","12,355","12,722","13,263"
32,Argentina,"7,316","7,469","7,496","7,644","7,922","7,747","7,626","7,992","7,621","8,036","8,031","7,479","7,130","7,307","7,338","6,722","7,093","7,164","6,920","6,342","6,168","6,720","7,311","7,664","8,006","7,682","8,009","8,558","8,788","8,396","8,238","7,788","6,863","7,387","7,967","8,580","9,174","9,897","10,193","9,492","10,346","10,853","10,629","10,771","10,393","10,561","10,217"
51,Armenia,,,,,,,,,,,,,,,,,,,,,"1,884","1,679",996,930,"1,003","1,094","1,176","1,229","1,330","1,382","1,472","1,623","1,878","2,153","2,392","2,741","3,127","3,588","3,870","3,345","3,432","3,594","3,843","3,952","4,078","4,195","4,191"
533,Aruba,"4,046","4,385","4,752","5,149","5,591","6,086","6,647","7,277","7,973","8,716","9,490","10,272","11,063","11,902","12,853","13,979","15,342","18,043","21,672","24,319","24,828","25,779","25,851","26,106","26,703","26,137","25,548","26,819","28,008","27,781","28,445","26,993","25,530","25,498","27,036","27,010","27,078","27,523","27,524","24,383","23,513","24,255","23,800","24,653","24,716","24,476","24,312"
36,Australia,"29,143","29,724","30,009","30,799","30,809","31,220","31,969","31,897","32,826","33,445","34,153","34,836","33,600","34,658","35,936","36,832","37,176","38,673","39,512","40,262","39,524","39,167","40,259","41,413","42,554","43,759","45,002","46,501","48,313","49,652","50,075","51,457","52,473","54,033","55,061","55,887","57,039","58,095","58,051","58,135","58,490","59,645","60,261","60,955","61,570","62,409","62,783"
40,Austria,"19,471","20,375","21,552","22,528","23,357","23,238","24,292","25,540","25,515","26,917","27,412","27,391","27,951","28,778","28,777","29,467","30,104","30,456","31,380","32,482","33,730","34,672","35,135","35,046","35,639","36,393","37,137","37,885","39,194","40,550","41,822","42,237","42,743","42,848","43,788","44,526","45,845","47,351","47,930","45,935","46,599","47,625","47,655","47,379","47,378","47,584","48,103"
31,Azerbaijan,,,,,,,,,,,,,,,,,,,,,"3,137","3,066","2,337","1,771","1,404","1,224","1,226","1,286","1,403","1,495","1,646","1,793","1,943","2,120","2,292","2,902","3,861","4,792","5,241","5,666","5,857","5,691","5,736","5,995","6,077","6,044","5,829"
44,Bahamas,"24,445","24,199","22,830","24,064","19,642","16,399","16,890","18,042","20,151","24,860","25,893","22,988","23,984","24,305","27,167","27,912","27,885","28,215","28,378","29,774","28,785","27,077","25,550","25,153","25,501","26,213","26,970","28,290","30,146","30,775","31,588","31,856","32,080","31,014","30,630","31,023","31,181","31,031","29,758","28,019","27,979","27,710","28,145","27,600","26,905","25,764","25,517"
48,Bahrain,"21,909","21,482","22,940","25,002","25,787","22,219","27,232","28,805","28,040","27,377","26,750","24,022","21,538","22,744","23,227","18,930","18,532","18,234","19,186","19,002","19,286","19,617","20,608","22,694","21,674","21,540","21,667","21,562","21,924","22,396","22,955","22,416","21,982","22,059","22,145","22,066","21,796","21,838","21,563","20,797","20,722","20,515","20,920","21,799","22,390","22,436","22,299"
50,Bangladesh,402,372,314,320,344,324,334,334,348,354,348,350,345,352,361,362,368,373,374,374,389,393,400,409,417,428,438,452,466,479,498,514,527,545,570,595,626,662,694,721,753,792,834,874,916,965,"1,023"
52,Barbados,"10,711","11,075","11,150","11,228","10,638","10,372","10,767","11,094","11,580","12,438","12,933","12,643","11,987","12,015","12,415","12,515","13,112","13,407","13,827","14,274","13,754","13,172","12,208","12,312","12,735","12,943","13,411","13,988","14,452","14,457","14,739","14,311","14,369","14,615","14,774","15,314","16,126","16,350","16,346","15,628","15,613","15,680","15,672","15,605","15,572","15,666","15,889"
112,Belarus,,,,,,,,,,,,,,,,,,,,,"3,104","3,058","2,765","2,561","2,267","2,037","2,100","2,348","2,557","2,657","2,826","2,978","3,148","3,391","3,804","4,187","4,628","5,045","5,579","5,600","6,042","6,380","6,489","6,546","6,656","6,400","6,235"
56,Belgium,"20,154","20,843","21,872","23,144","24,051","23,672","24,951","25,051","25,711","26,266","27,402","27,293","27,430","27,493","28,147","28,582","29,068","29,698","31,048","32,057","32,976","33,470","33,852","33,392","34,343","35,057","35,539","36,802","37,479","38,747","40,050","40,231","40,766","40,868","42,106","42,716","43,487","44,658","44,668","43,335","44,205","44,696","44,516","44,334","44,662","45,013","45,390"
84,Belize,"1,948","2,036","2,091","2,043","2,199","2,181","2,136","2,195","2,335","2,385","2,440","2,415","2,346","2,232","2,212","2,172","2,210","2,391","2,542","2,804","3,058","3,078","3,210","3,358","3,372","3,423","3,367","3,364","3,356","3,516","3,839","3,910","3,997","4,258","4,343","4,359","4,446","4,385","4,385","4,307","4,344","4,333","4,399","4,335","4,416","4,447","4,328"
204,Benin,476,475,510,520,543,494,488,497,481,506,539,554,597,555,583,609,604,578,578,556,587,591,588,601,592,631,638,655,661,676,694,709,720,723,732,723,730,752,767,763,758,759,772,802,831,849,867
60,Bermuda,"50,790","51,969","52,343","52,580","52,526","54,027","58,388","59,423","60,209","63,732","65,718","62,986","62,635","62,756","61,067","63,233","65,587","67,730","68,158","67,794","65,576","65,338","63,181","64,339","64,992","68,155","70,470","73,397","75,964","78,224","80,230","85,629","83,989","86,505","88,279","89,668","93,895","97,268","98,782","93,373","91,552","88,017","85,003","83,858","84,151","85,179","85,539"
64,Bhutan,348,346,339,334,340,318,336,351,364,370,377,409,408,431,445,457,505,641,657,690,758,764,801,830,890,953,"1,006","1,046","1,082","1,136","1,201","1,264","1,361","1,425","1,470","1,535","1,602","1,849","1,898","1,986","2,179","2,310","2,387","2,400","2,500","2,628","2,801"
68,Bolivia (Plurinational State of),"1,388","1,428","1,510","1,563","1,575","1,654","1,693","1,739","1,736","1,700","1,641","1,620","1,517","1,419","1,381","1,340","1,281","1,288","1,301","1,324","1,358","1,402","1,397","1,428","1,466","1,504","1,539","1,584","1,632","1,607","1,617","1,613","1,624","1,638","1,676","1,720","1,772","1,822","1,902","1,934","1,981","2,051","2,122","2,231","2,317","2,393","2,458"
70,Bosnia and Herzegovina,,,,,,,,,,,,,,,,,,,,,855,791,763,774,891,"1,105","1,733","2,386","2,784","3,042","3,200","3,282","3,443","3,574","3,798","3,946","4,162","4,412","4,664","4,545","4,615","4,701","4,714","4,883","4,993","5,190","5,386"
72,Botswana,612,745,911,"1,068","1,122","1,173","1,249","1,329","1,427","1,569","1,696","1,827","1,912","2,067","2,271","2,402","2,499","2,624","2,860","3,704","3,858","4,031","4,040","4,011","4,053","4,238","4,387","4,642","4,586","4,940","4,955","4,892","5,116","5,280","5,349","5,513","5,884","6,270","6,553","5,949","6,346","6,610","6,779","7,409","7,574","7,309","7,483"
76,Brazil,"4,746","5,155","5,631","6,265","6,615","6,793","7,313","7,493","7,681","8,009","8,545","7,992","7,873","7,470","7,700","8,129","8,559","8,688","8,518","8,626","8,104","8,046","7,837","8,082","8,417","8,632","8,678","8,830","8,697","8,588","8,829","8,821","8,935","8,922","9,309","9,495","9,762","10,245","10,658","10,540","11,224","11,559","11,671","11,912","11,866","11,322","10,826"
92,British Virgin Islands,"5,790","5,128","5,052","5,259","5,709","5,911","5,854","5,935","6,347","7,000","7,832","7,664","7,572","7,703","7,785","7,552","7,483","8,199","8,718","9,094","11,057","13,501","15,899","20,247","25,148","30,565","32,241","34,823","37,549","40,196","42,876","44,046","40,601","35,848","35,384","39,751","38,058","36,442","34,891","33,165","32,183","31,187","29,136","30,130","29,964","29,520","29,091"
96,Brunei Darussalam,"40,473","42,503","44,724","46,865","50,067","48,207","55,667","59,429","61,199","72,438","65,184","50,657","51,115","49,916","48,816","46,742","40,222","39,217","37,982","37,732","37,071","37,162","37,838","36,904","37,042","37,703","37,833","36,398","35,380","35,670","35,923","36,163","36,832","37,202","36,751","36,325","37,400","36,996","35,860","34,812","35,267","36,091","35,898","34,619","33,259","32,662","31,431"
100,Bulgaria,"1,901","2,020","2,162","2,326","2,489","2,696","2,861","3,030","3,190","3,392","3,576","3,740","3,816","3,937","4,064","4,170","4,346","4,616","5,135","4,988","4,562","4,212","3,947","3,934","4,054","4,217","3,861","3,856","4,026","3,817","4,041","4,228","4,516","4,787","5,135","5,543","5,970","6,458","6,898","6,699","6,835","7,012","7,058","7,162","7,301","7,613","7,964"
854,Burkina Faso,290,284,342,318,330,331,322,338,370,364,351,367,363,337,321,340,358,347,358,356,345,366,357,360,355,365,394,407,425,439,435,450,457,478,485,512,527,533,547,547,575,595,615,632,640,645,664
108,Burundi,256,260,242,256,252,249,270,288,295,292,279,302,293,294,286,311,313,317,323,318,321,331,330,301,286,262,236,235,242,236,230,229,233,223,225,220,224,224,227,228,232,234,237,241,244,236,233
132,Cabo Verde,"1,073","1,119","1,142","1,163","1,194",992,"1,008",950,"1,031","1,050","1,089","1,161","1,171","1,257","1,279","1,364","1,381","1,420","1,483","1,542","1,522","1,508","1,514","1,581","1,645","1,723","1,794","1,887","2,001","2,191","2,303","2,396","2,476","2,547","2,613","2,743","2,982","3,202","3,379","3,301","3,313","3,406","3,403","3,390","3,370","3,362","3,448"
116,Cambodia,476,443,410,325,305,301,306,269,278,249,238,236,230,232,234,236,238,281,317,307,301,312,323,324,338,346,351,361,369,403,429,454,475,507,550,613,669,726,764,753,786,828,874,924,973,"1,025","1,078"
120,Cameroon,"1,146","1,149","1,153","1,177","1,185","1,197","1,100","1,216","1,441","1,484","1,612","1,678","1,749","1,838","1,925","1,910","1,754","1,605","1,498","1,407","1,282","1,198","1,129","1,063","1,057","1,065","1,083","1,112","1,133","1,152","1,163","1,183","1,202","1,224","1,273","1,264","1,273","1,299","1,308","1,301","1,309","1,327","1,350","1,385","1,428","1,470","1,495"
124,Canada,"24,481","25,079","26,024","27,407","28,002","28,121","29,204","29,852","30,680","31,501","31,842","32,620","31,260","31,748","33,268","34,436","34,732","35,662","36,720","37,053","36,619","35,391","35,276","35,800","37,003","37,600","37,829","39,077","40,224","41,918","43,686","44,046","44,943","45,309","46,237","47,217","47,925","48,359","48,280","46,322","47,221","48,182","48,515","49,215","49,982","49,969","50,227"
136,Cayman Islands,"29,011","28,566","29,191","31,374","32,339","33,375","34,488","35,659","36,998","38,599","40,536","42,885","45,591","49,986","51,859","51,515","52,964","54,943","59,405","61,289","65,955","63,775","62,879","63,032","63,264","62,919","62,388","62,007","76,195","74,682","72,014","69,691","68,640","68,051","66,817","69,220","70,366","70,544","68,376","61,871","58,859","58,419","58,167","58,055","58,754","59,530","59,796"
140,Central African Republic,694,660,635,651,619,617,631,666,658,625,581,574,566,516,538,541,547,509,510,511,492,485,466,452,463,474,428,444,454,470,469,463,451,411,415,417,430,439,443,446,457,464,476,300,302,315,326
148,Chad,589,586,534,496,551,631,609,553,540,416,383,334,344,389,398,418,430,432,451,444,444,447,443,421,431,423,417,426,440,422,405,435,454,500,644,670,637,725,711,751,824,847,922,839,840,849,795
152,Chile,"4,783","5,114","4,962","4,605","4,572","3,918","3,992","4,319","4,603","4,910","5,220","5,461","4,647","4,447","4,635","4,650","4,830","5,063","5,342","5,808","5,924","6,294","6,956","7,329","7,632","8,322","8,815","9,271","9,447","9,257","9,555","9,761","9,860","10,119","10,710","11,250","11,834","12,285","12,589","12,268","12,860","13,519","14,109","14,551","14,702","14,907","15,020"
156,China,226,236,239,252,252,269,261,276,304,322,342,355,381,416,472,527,564,618,674,689,705,759,857,965,"1,080","1,188","1,296","1,405","1,504","1,610","1,736","1,869","2,027","2,216","2,426","2,687","3,011","3,419","3,729","4,057","4,461","4,858","5,212","5,588","5,964","6,344","6,773"
344,"Hong Kong SAR, China","5,925","6,252","6,811","7,528","7,566","7,429","8,391","9,083","9,517","10,299","11,050","11,820","11,961","12,490","13,541","13,441","14,688","16,378","17,477","17,594","18,008","18,799","19,751","20,751","21,743","21,951","22,513","23,234","21,471","21,655","23,021","22,948","23,200","23,827","25,824","27,630","29,432","31,162","31,633","30,666","32,545","33,916","34,296","35,151","35,891","36,491","36,946"
446,"China, Macao SAR","6,853","7,315","7,888","8,569","9,342","10,189","11,099","12,094","13,141","14,113","15,093","15,977","16,449","17,419","18,129","17,516","17,924","19,649","20,351","20,602","21,532","21,700","23,996","24,703","25,235","25,545","24,928","24,364","22,781","21,777","22,524","22,641","24,072","26,220","32,438","34,246","37,959","42,538","43,081","42,739","52,375","62,279","66,449","72,183","69,749","53,580","52,144"
170,Colombia,"2,809","2,904","3,055","3,187","3,296","3,298","3,377","3,438","3,645","3,755","3,820","3,819","3,769","3,743","3,784","3,819","3,957","4,085","4,167","4,226","4,324","4,329","4,423","4,593","4,747","4,912","4,933","5,023","4,976","4,697","4,764","4,775","4,826","4,946","5,140","5,312","5,597","5,910","6,048","6,078","6,251","6,592","6,790","7,051","7,292","7,446","7,526"
174,Comoros,"1,431","1,464","1,467","1,543","1,552","1,608","1,560","1,563","1,551","1,637","1,699","1,710","1,767","1,802","1,825","1,810","1,794","1,770","1,765","1,685","1,650","1,631","1,719","1,720","1,584","1,596","1,532","1,554","1,531","1,520","1,518","1,515","1,513","1,508","1,501","1,507","1,511","1,481","1,500","1,529","1,549","1,586","1,596","1,708","1,724","1,681","1,679"
178,Congo,"1,789","1,893","1,911","2,175","2,092","2,012","2,046","1,841","1,896","2,049","2,242","2,640","3,167","3,249","3,384","3,251","2,944","2,869","2,841","2,814","2,766","2,756","2,752","2,652","2,438","2,466","2,550","2,418","2,435","2,305","2,411","2,435","2,478","2,430","2,445","2,552","2,624","2,495","2,553","2,656","2,800","2,814","2,845","2,866","2,986","2,989","2,859"
184,Cook Islands,"6,764","6,020","5,360","5,639","5,796","5,848","5,571","5,724","5,756","6,166","6,405","6,203","6,393","6,405","7,328","7,909","8,500","8,316","8,415","8,730","9,348","9,922","10,410","10,727","11,092","10,610","10,661","10,548","10,623","11,011","12,540","12,910","13,058","13,303","13,335","13,057","13,721","13,823","13,545","13,938","13,758","14,113","14,988","14,968","16,051","16,791","17,487"
188,Costa Rica,"3,752","3,901","4,115","4,324","4,453","4,434","4,561","4,841","5,011","5,122","5,025","4,782","4,316","4,321","4,546","4,460","4,588","4,687","4,729","4,874","4,922","4,907","5,224","5,454","5,558","5,646","5,580","5,753","6,015","6,120","6,230","6,333","6,434","6,606","6,792","6,954","7,352","7,842","8,095","7,912","8,199","8,450","8,753","8,852","9,077","9,407","9,714"
384,Côte d'Ivoire,"1,784","1,868","1,860","1,879","1,870","1,932","2,065","2,065","2,168","2,113","1,800","1,783","1,711","1,577","1,473","1,480","1,471","1,412","1,377","1,487","1,418","1,369","1,314","1,264","1,249","1,295","1,341","1,375","1,406","1,397","1,336","1,310","1,264","1,225","1,218","1,216","1,211","1,207","1,212","1,224","1,220","1,141","1,225","1,306","1,385","1,474","1,563"
191,Croatia,,,,,,,,,,,,,,,,,,,,,"11,431","9,051","8,037","7,448","7,952","8,570","9,157","9,857","10,131","10,116","10,564","10,976","11,585","12,248","12,762","13,311","13,972","14,720","15,056","13,981","13,823","13,825","13,568","13,539","13,591","13,980","14,473"
192,Cuba,"2,249","2,400","2,472","2,515","2,502","2,703","2,818","3,035","3,210","3,223","3,048","3,630","3,938","4,134","4,439","4,480","4,447","4,297","4,409","4,394","4,226","3,745","3,290","2,785","2,790","2,844","3,052","3,121","3,112","3,291","3,473","3,572","3,613","3,741","3,949","4,385","4,909","5,262","5,476","5,551","5,676","5,824","5,985","6,133","6,183","6,445","6,381"
531,Curaçao,,,,,,,,,,,,,,,,,,,,,,,,,,,,,,,,,,,,"21,529","21,466","21,411","21,217","20,488","19,994","19,718","19,383","18,992","18,582","18,457","18,122"
196,Cyprus,"7,524","8,400","8,878","9,003","9,127","7,661","9,117","10,563","11,323","12,351","12,944","13,173","13,846","14,394","15,453","15,990","16,405","17,373","18,613","19,828","20,925","20,518","21,875","21,493","22,265","24,035","23,980","24,246","25,196","26,124","27,333","28,006","28,619","28,991","29,894","30,564","31,414","32,235","32,650","31,222","30,817","30,137","28,773","27,129","27,044","27,758","28,556"
203,Czech Republic,,,,,,,,,,,,,,,,,,,,,"13,938","12,312","12,242","12,243","12,596","13,384","13,967","13,889","13,866","14,088","14,717","15,194","15,472","16,050","16,844","17,896","19,052","19,993","20,402","19,298","19,648","19,980","19,787","19,677","20,203","21,265","21,802"
200,Czechoslovakia (Former),"7,491","7,833","8,201","8,532","8,978","9,482","9,764","10,111","10,445","10,688","10,949","10,898","10,886","11,122","11,467","11,782","12,069","12,291","12,583","12,609","12,485",,,,,,,,,,,,,,,,,,,,,,,,,,
408,"Korea, Dem. People’s Rep.",527,566,608,655,707,765,783,803,825,848,871,890,909,927,946,967,966,965,907,878,817,756,691,650,628,595,567,525,516,542,539,555,558,564,572,590,580,569,584,576,570,571,576,579,582,572,592
180,D.R. of the Congo,"1,067","1,100","1,073","1,130","1,134","1,049",965,945,869,849,845,843,818,810,834,816,832,832,812,777,702,620,533,444,411,401,386,356,342,320,290,276,276,283,293,301,307,315,324,323,334,345,358,375,398,411,408
208,Denmark,"30,527","31,250","32,291","33,434","32,900","32,284","34,072","34,602","35,285","36,586","36,372","36,120","37,465","38,466","40,096","41,716","43,758","43,847","43,797","44,012","44,567","45,068","45,801","45,637","47,881","49,129","50,341","51,757","52,679","54,014","55,834","56,117","56,224","56,294","57,628","58,768","60,814","61,079","60,459","57,194","57,967","58,447","58,289","58,549","59,223","59,913","60,842"
262,Djibouti,"2,819","2,823","2,757","2,722","2,440","2,485","2,435","1,923","1,598","1,542","1,512","1,489","1,474","1,460","1,424","1,356","1,255","1,168","1,096","1,002","1,023",964,"1,006","1,049","1,017","1,061",986,"1,004",974,967,956,955,962,976,990,"1,005","1,114","1,151","1,193","1,232","1,254","1,288","1,326","1,368","1,426","1,493","1,562"
212,Dominica,"1,695","1,808","1,941","2,106","2,242","2,301","2,443","2,480","2,742","2,215","2,519","2,821","2,945","3,042","3,233","3,300","3,563","3,870","4,243","4,254","4,500","4,586","4,703","4,675","4,731","4,825","5,010","5,163","5,361","5,426","5,478","5,497","5,373","5,763","5,891","5,851","6,103","6,453","6,946","6,852","6,912","6,898","6,793","6,719","6,980","6,766","6,909"
214,Dominican Republic,"1,610","1,736","1,865","2,050","2,116","2,170","2,258","2,313","2,307","2,355","2,485","2,532","2,518","2,577","2,553","2,446","2,479","2,675","2,677","2,740","2,552","2,522","2,733","2,876","2,888","2,993","3,152","3,348","3,525","3,703","3,851","3,860","4,021","3,951","3,943","4,245","4,631","4,954","5,043","5,022","5,368","5,463","5,545","5,737","6,099","6,453","6,804"
218,Ecuador,"2,486","2,568","2,622","2,905","3,142","3,392","3,546","3,507","3,611","3,649","3,687","3,796","3,724","3,619","3,623","3,673","3,707","3,608","3,728","3,675","3,721","3,791","3,782","3,770","3,845","3,848","3,833","3,918","3,966","3,707","3,679","3,760","3,848","3,888","4,139","4,287","4,401","4,422","4,624","4,573","4,657","4,943","5,140","5,311","5,439","5,367","5,173"
818,Egypt,621,628,638,628,630,648,720,758,799,860,923,934,"1,001","1,128","1,211","1,258","1,248","1,309","1,341","1,382","1,427","1,469","1,533","1,545","1,575","1,615","1,666","1,725","1,762","1,836","1,899","1,929","1,954","1,976","2,020","2,072","2,174","2,288","2,409","2,475","2,552","2,543","2,543","2,539","2,539","2,642","2,701"
222,El Salvador,"2,250","2,298","2,364","2,423","2,517","2,598","2,641","2,742","2,861","2,760","2,476","2,235","2,078","2,065","2,084","2,097","2,083","2,111","2,118","2,113","2,156","2,203","2,337","2,475","2,592","2,725","2,742","2,830","2,910","2,987","3,029","3,061","3,114","3,169","3,212","3,311","3,425","3,541","3,570","3,443","3,474","3,535","3,585","3,634","3,668","3,734","3,803"
226,Equatorial Guinea,"1,131","1,199","1,263","1,412","1,517","1,677","1,732","1,901","1,822","1,713","1,737","1,737","1,650","1,601","1,504","1,600","1,492","1,501","1,495","1,434","1,427","1,387","1,521","1,610","1,702","1,834","2,379","4,468","5,054","5,981","6,496","10,467","12,075","13,160","15,645","16,306","16,414","18,075","20,334","19,685","17,136","17,462","18,106","16,635","16,028","14,011","12,278"
232,Eritrea,,,,,,,,,,,,,,,,,,,,,309,344,384,436,494,597,605,651,689,686,669,569,599,596,562,554,536,532,471,481,482,514,540,546,561,576,584
233,Estonia,,,,,,,,,,,,,,,,,,,,,"9,597","8,926","7,164","6,901","6,907","7,323","7,796","8,766","9,148","9,086","10,080","10,775","11,504","12,446","13,320","14,681","16,265","17,593","16,694","14,277","14,640","15,796","16,520","16,883","17,413","17,746","18,152"
231,Ethiopia,,,,,,,,,,,,,,,,,,,,,182,163,143,156,156,160,176,176,164,168,173,182,179,170,188,205,221,239,258,274,300,331,350,377,405,436,457
230,Ethiopia (Former),216,219,223,222,220,215,215,214,208,216,224,226,222,226,208,190,197,208,206,203,196,177,157,172,,,,,,,,,,,,,,,,,,,,,,,
242,Fiji,"1,981","2,066","2,181","2,379","2,396","2,403","2,399","2,479","2,482","2,729","2,624","2,727","2,596","2,459","2,605","2,463","2,605","2,425","2,465","2,785","3,000","2,893","2,970","2,979","3,087","3,124","3,237","3,132","3,143","3,394","3,317","3,371","3,472","3,503","3,681","3,691","3,734","3,667","3,667","3,579","3,652","3,719","3,744","3,894","4,084","4,211","4,196"
246,Finland,"18,466","18,782","20,121","21,359","21,897","22,056","22,096","22,116","22,757","24,324","25,613","25,828","26,487","27,161","27,885","28,736","29,405","30,353","31,840","33,351","33,449","31,327","30,130","29,751","30,769","31,927","32,979","34,941","36,748","38,295","40,359","41,301","41,891","42,614","44,159","45,243","46,911","49,153","49,303","45,034","46,181","47,163","46,286","45,735","45,254","45,067","45,759"
530,Former Netherlands Antilles,"8,914","9,345","9,644","9,908","10,345","10,537","11,159","15,217","16,250","17,020","18,428","18,514","17,995","17,693","17,169","16,633","15,575","15,637","15,763","16,899","17,079","17,332","17,852","18,669","19,744","20,179","20,659","21,175","20,810","20,722","20,553","21,054","21,304","21,753","21,979","22,042","22,208","22,568","22,454","21,851","21,290","20,881","20,538",,,,
250,France,"20,091","20,985","21,740","22,904","23,691","23,299","24,174","24,905","25,807","26,635","26,954","27,124","27,668","27,868","28,136","28,430","28,927","29,491","30,698","31,844","32,588","32,756","33,119","32,763","33,378","33,915","34,221","34,850","35,910","36,943","38,173","38,708","38,924","39,020","39,874","40,276","40,983","41,695","41,523","40,067","40,629","41,262","41,140","41,191","41,401","41,664","41,981"
258,French Polynesia,"14,841","16,067","14,799","15,423","17,605","16,212","17,004","16,843","17,970","18,135","17,693","18,640","19,907","20,385","20,884","21,409","22,579","23,545","22,672","23,105","23,143","24,037","23,759","23,545","23,205","22,928","22,693","22,626","22,937","23,336","24,083","24,016","24,152","24,633","24,848","24,889","24,824","24,979","24,736","23,475","22,704","21,867","21,516","21,457","21,574","21,724","21,913"
266,Gabon,"6,798","7,350","8,032","8,686","11,887","13,884","18,431","15,756","11,692","11,470","11,479","11,766","11,115","11,438","11,976","11,387","10,991","8,859","9,724","10,269","10,512","10,858","10,245","10,217","10,500","10,743","10,854","11,193","11,239","9,799","9,431","9,415","9,017","9,007","8,838","8,687","8,173","8,432","7,890","7,602","7,854","8,130","8,269","8,442","8,588","8,680","8,732"
270,Gambia,547,531,517,547,561,577,553,546,557,524,508,580,599,556,549,544,530,521,522,518,515,512,514,514,501,491,498,486,490,508,523,537,522,517,547,525,514,516,529,545,563,522,535,544,532,538,533
268,Georgia,,,,,,,,,,,,,,,,,,,,,"3,104","2,460","1,384",996,910,949,"1,072","1,201","1,252","1,302","1,341","1,420","1,513","1,697","1,814","2,008","2,221","2,528","2,619","2,555","2,750","2,992","3,231","3,391","3,596","3,737","3,866"
276,Germany,"19,524","20,081","20,914","21,904","22,104","21,926","23,033","23,832","24,584","25,648","26,060","26,257","26,214","26,679","27,463","28,097","28,695","29,017","29,978","31,003","32,466","33,933","34,377","33,848","34,504","34,970","35,175","35,794","36,502","37,236","38,336","38,963","38,927","38,615","39,053","39,350","40,872","42,306","42,876","40,550","42,241","43,766","43,910","44,017","44,742","45,401","46,166"
288,Ghana,"1,068","1,098","1,040","1,067","1,110",949,898,904,965,923,906,849,765,705,740,753,769,783,805,823,828,848,856,873,878,890,908,923,944,962,978,997,"1,018","1,044","1,072","1,109","1,129","1,148","1,221","1,247","1,313","1,461","1,558","1,633","1,660","1,685","1,705"
300,Greece,"13,598","14,575","15,952","17,115","15,871","16,702","17,622","17,884","18,901","19,256","19,159","18,681","18,325","18,012","18,271","18,632","18,637","18,135","18,824","19,427","19,286","19,704","19,634","19,104","19,276","19,490","19,879","20,619","21,287","21,823","22,573","23,417","24,265","25,610","26,842","26,929","28,357","29,177","28,980","27,675","26,154","23,814","22,162","21,551","21,820","21,847","21,860"
304,Greenland,"15,767","17,407","18,139","19,111","19,998","19,984","21,093","22,924","24,296","25,433","27,511","27,472","25,964","26,513","24,803","25,393","26,888","28,070","29,371","31,090","27,294","27,173","25,751","24,461","25,926","26,895","27,293","27,672","29,784","30,141","32,207","32,528","32,103","31,874","33,929","34,805","37,265","37,517","38,927","39,586","40,724","41,394","42,084","40,878","40,567","41,243","41,290"
308,Grenada,"1,588","1,704","1,836","2,002","2,141","2,223","2,450","2,626","2,803","2,988","2,960","2,934","2,995","2,990","3,054","3,253","3,513","3,934","4,124","4,428","4,687","4,786","4,735","4,558","4,632","4,691","4,873","5,100","5,689","6,074","6,360","6,217","6,415","7,003","6,939","7,837","7,502","7,936","7,985","7,427","7,366","7,394","7,271","7,420","7,932","8,390","8,508"
320,Guatemala,"1,871","1,921","2,006","2,085","2,160","2,145","2,246","2,362","2,420","2,472","2,503","2,457","2,312","2,198","2,154","2,090","2,044","2,067","2,098","2,131","2,147","2,174","2,226","2,260","2,297","2,356","2,371","2,418","2,478","2,523","2,555","2,554","2,591","2,595","2,615","2,638","2,718","2,825","2,854","2,807","2,825","2,880","2,903","2,948","3,008","3,069","3,100"
324,Guinea,444,463,470,475,497,509,547,527,560,549,556,550,548,541,534,545,546,549,565,566,564,548,533,529,522,524,533,547,561,576,582,593,612,608,610,616,609,635,647,623,635,656,680,691,700,714,743
624,Guinea-Bissau,531,500,521,516,531,566,589,545,616,625,520,508,518,488,501,510,493,508,531,542,547,550,553,552,556,566,576,600,490,545,535,535,518,509,511,522,522,526,530,535,546,575,551,554,541,554,568
328,Guyana,"1,839","1,868","1,810","1,821","1,927","2,105","2,143","2,064","2,006","1,954","1,978","2,003","1,740","1,627","1,552","1,599","1,597","1,627","1,581","1,513","1,471","1,557","1,671","1,795","1,936","2,024","2,182","2,322","2,290","2,367","2,340","2,396","2,422","2,398","2,478","2,432","2,561","2,752","2,806","2,909","3,026","3,173","3,322","3,466","3,576","3,661","3,760"
332,Haiti,931,974,967,996,"1,035","1,028","1,094","1,078","1,107","1,166","1,226","1,164","1,096","1,081","1,059","1,041","1,013",984,994,945,936,934,868,805,695,750,767,773,776,783,777,756,742,733,696,698,702,714,709,720,671,698,708,728,738,737,739
340,Honduras,"1,310","1,322","1,358","1,422","1,363","1,351","1,447","1,549","1,652","1,677","1,637","1,628","1,557","1,496","1,515","1,532","1,498","1,542","1,566","1,587","1,544","1,549","1,590","1,642","1,575","1,595","1,607","1,642","1,645","1,572","1,620","1,622","1,641","1,674","1,737","1,799","1,875","1,948","1,988","1,900","1,933","1,969","2,013","2,033","2,059","2,098","2,138"
348,Hungary,"5,634","5,965","6,312","6,729","7,104","7,516","7,739","8,215","8,546","8,643","8,633","8,887","9,165","9,272","9,566","9,587","9,778","10,217","10,250","10,358","10,019","8,861","8,593","8,543","8,796","8,934","8,950","9,270","9,690","10,028","10,480","10,911","11,435","11,905","12,534","13,121","13,668","13,771","13,935","13,057","13,187","13,447","13,264","13,580","14,196","14,718","15,091"
352,Iceland,"16,151","18,026","18,880","19,892","20,759","20,653","21,663","23,365","24,562","25,534","26,746","27,596","27,876","26,959","27,744","28,328","29,766","31,953","31,580","31,328","31,367","30,984","29,648","29,751","30,536","30,287","31,440","32,675","34,494","35,542","36,866","37,944","37,741","38,310","40,964","43,137","44,576","47,870","47,709","43,665","41,553","41,974","42,210","43,869","44,519","46,092","49,079"
356,India,354,352,342,344,340,363,361,378,390,362,377,393,398,418,423,437,448,459,494,515,533,525,542,558,588,621,655,671,698,735,751,776,792,844,900,968,"1,041","1,126","1,153","1,233","1,341","1,411","1,470","1,545","1,641","1,752","1,855"
360,Indonesia,656,683,728,790,829,848,885,939,989,"1,026","1,102","1,162","1,161","1,234","1,291","1,295","1,344","1,383","1,435","1,537","1,646","1,762","1,857","1,960","2,074","2,210","2,348","2,423","2,076","2,072","2,143","2,191","2,258","2,333","2,417","2,520","2,622","2,751","2,877","2,970","3,113","3,263","3,415","3,560","3,693","3,828","3,974"
364,Iran (Islamic Republic of),"6,278","6,951","7,749","8,103","8,335","8,068","9,256","8,722","7,357","6,250","4,721","4,280","5,062","5,396","4,810","4,706","4,081","3,919","3,551","3,651","4,041","4,463","4,540","4,418","4,290","4,331","4,608","4,617","4,618","4,680","4,792","4,818","5,135","5,500","5,619","5,732","5,950","6,364","6,309","6,299","6,586","6,677","6,103","6,014","6,212","6,057","6,790"
368,Iraq,"2,425","2,508","2,336","2,689","2,813","3,115","3,638","3,588","4,111","4,942","4,818","3,842","3,697","3,302","3,225","3,148","3,327","3,886","3,917","3,488","3,403","1,123","1,371","1,978","1,830","1,450","2,103","2,484","3,247","3,703","3,646","3,624","3,281","2,136","3,207","3,262","3,504","3,466","3,603","3,713","3,808","4,069","4,436","5,407","5,244","5,286","5,695"
372,Ireland,"12,461","12,735","13,366","13,775","14,124","14,675","14,634","15,577","16,437","16,701","16,997","17,371","17,603","17,428","18,086","18,574","18,461","19,320","20,343","21,537","23,347","23,751","24,461","25,001","26,286","28,623","30,621","33,475","35,951","39,296","42,459","44,227","46,226","46,805","48,975","50,878","52,560","54,107","50,918","47,728","47,969","49,024","48,879","49,639","53,723","67,256","70,325"
376,Israel,"13,604","14,646","15,898","16,235","16,739","16,779","16,386","16,151","16,665","17,329","17,273","17,859","17,910","18,200","18,068","18,490","18,958","19,987","20,208","19,894","20,798","21,716","22,595","22,682","23,525","24,773","25,525","25,880","26,332","26,674","28,436","27,924","27,386","27,212","28,048","28,605","29,560","30,628","30,757","30,473","31,459","32,475","32,626","33,468","34,107","34,469","35,278"
380,Italy,"17,733","17,931","18,466","19,651","20,604","20,061","21,385","21,837","22,460","23,718","24,456","24,594","24,635","24,870","25,627","26,310","27,039","27,888","29,051","30,030","30,619","31,076","31,316","31,028","31,682","32,594","33,028","33,661","34,224","34,741","35,959","36,461","36,364","36,203","36,557","36,708","37,272","37,673","37,159","35,039","35,578","35,765","34,772","34,209","34,295","34,684","35,055"
388,Jamaica,"4,901","4,973","5,341","5,322","5,035","4,946","4,565","4,402","4,373","4,238","3,939","3,977","3,957","3,980","3,885","3,658","3,683","3,938","4,028","4,278","4,481","4,484","4,903","4,953","4,949","4,952","4,920","4,824","4,721","4,725","4,718","4,742","4,742","4,885","4,920","4,935","5,049","5,094","5,026","4,785","4,692","4,753","4,704","4,710","4,725","4,751","4,800"
392,Japan,"18,333","18,924","20,222","21,536","20,985","21,366","21,968","22,703","23,683","24,770","25,263","26,115","26,800","27,432","28,476","30,107","30,802","31,920","34,059","35,751","37,608","38,726","38,919","38,869","39,097","40,070","41,221","41,583","41,041","40,870","41,941","42,049","42,040","42,627","43,518","44,199","44,793","45,508","44,995","42,552","44,341","44,306","44,996","45,936","46,145","46,726","47,285"
400,Jordan,"2,306","2,215","2,249","2,030","1,970","1,899","2,109","2,225","2,485","2,917","3,141","3,551","3,654","3,428","3,430","3,204","3,251","3,203","3,125","2,673","2,541","2,450","2,650","2,622","2,624","2,678","2,651","2,673","2,700","2,743","2,810","2,907","3,020","3,082","3,262","3,418","3,557","3,687","3,773","3,787","3,679","3,579","3,482","3,401","3,349","3,298","3,258"
398,Kazakhstan,,,,,,,,,,,,,,,,,,,,,"5,823","5,185","4,927","4,502","3,973","3,687","3,755","3,878","3,863","4,015","4,442","5,049","5,517","5,982","6,490","7,048","7,729","8,336","8,523","8,529","9,028","9,685","9,982","10,401","10,665","10,628","10,589"
404,Kenya,761,783,793,805,814,781,783,824,865,864,878,877,876,854,838,842,870,889,912,922,929,912,877,853,849,861,871,849,853,847,829,842,824,826,844,870,900,936,912,917,967,999,"1,017","1,046","1,076","1,108","1,143"
296,Kiribati,"2,956","2,841","3,137","3,737","5,353","5,558","4,012","3,770","3,754","3,271","1,792","1,707","1,856","1,651","1,750","1,637","1,624","1,534","1,765","1,574","1,573","1,643","1,622","1,611","1,612","1,580","1,603","1,615","1,703","1,628","1,793","1,678","1,655","1,694","1,635","1,683","1,622","1,623","1,565","1,549","1,493","1,473","1,520","1,568","1,547","1,635","1,674"
412,Kosovo,,,,,,,,,,,,,,,,,,,,,"4,807","3,451","2,466","1,784","1,739","1,868","2,055","2,266","2,147","1,709","1,868","2,424","2,529","2,420","2,433","2,557","2,663","2,897","3,114","3,236","3,354","3,463","3,564","3,690","3,737","3,883","4,028"
414,Kuwait,"90,393","90,193","87,849","77,206","63,255","52,237","52,402","47,432","47,993","51,632","39,408","30,385","25,603","26,423","26,546","24,198","24,882","25,431","21,797","26,681","19,658","11,961","23,220","33,500","38,867","40,705","41,381","40,348","39,067","36,002","35,967","35,044","35,521","41,188","44,607","47,851","49,269","49,589","47,966","41,937","38,497","39,651","39,732","37,924","36,259","35,489","35,314"
417,Kyrgyz Republic,,,,,,,,,,,,,,,,,,,,,"1,101","1,003",857,720,571,534,564,610,613,625,651,680,676,721,767,760,776,832,890,902,884,923,907,987,"1,011","1,034","1,057"
418,Lao People's DR,288,294,296,313,317,331,336,325,325,315,341,385,403,411,429,438,447,428,407,452,469,475,488,503,529,555,581,608,621,655,682,709,747,781,824,866,844,981,"1,040","1,099","1,171","1,248","1,329","1,418","1,507","1,595","1,684"
428,Latvia,,,,,,,,,,,,,,,,,,,,,"9,670","8,713","5,738","4,956","5,065","5,094","5,277","5,810","6,247","6,470","6,889","7,413","8,029","8,806","9,653","10,813","12,244","13,630","13,308","11,532","11,216","12,082","12,728","13,220","13,638","14,190","14,647"
422,Lebanon,"7,965","8,493","9,276","9,464","9,481","6,505","2,773","5,067","4,915","5,382","5,562","5,571","3,499","4,263","6,122","7,583","7,068","8,266","5,942","3,409","4,272","5,798","5,910","6,151","6,479","6,768","7,029","6,820","7,017","6,890","6,813","6,815","6,721","6,603","6,701","6,671","6,667","7,238","7,860","8,501","8,858","8,450","8,107","7,754","7,447","7,190","7,074"
426,Lesotho,386,343,400,494,512,459,522,598,698,606,574,565,571,510,512,548,549,567,617,656,686,701,718,729,739,760,823,879,826,842,877,905,902,937,951,968,"1,002","1,040","1,100","1,113","1,173","1,237","1,294","1,304","1,316","1,372","1,392"
430,Liberia,744,762,768,776,781,729,742,728,748,760,689,639,626,584,566,546,537,550,572,597,297,259,172,116,90,84,89,171,206,234,285,283,286,197,198,203,223,294,305,316,327,343,372,380,390,416,404
434,Libya,"12,502","11,339","11,846","11,563","13,538","13,507","15,937","16,676","16,571","17,370","16,822","13,073","12,927","12,140","11,121","11,652","10,017","8,305","8,700","9,093","9,202","10,390","9,877","9,296","9,282","8,904","8,936","9,253","8,790","8,723","8,791","8,699","8,455","9,403","9,665","10,497","11,033","11,422","12,914","12,675","13,121","5,062","11,366","5,443","4,130","3,859","3,898"
438,Liechtenstein,"72,353","72,000","71,797","71,663","71,534","71,328","73,179","75,049","76,977","79,103","81,525","84,284","82,033","81,704","84,430","89,542","92,220","99,726","104,246","111,569","107,464","111,906","111,467","110,555","111,649","112,087","115,355","125,045","131,488","143,025","145,661","142,940","140,076","136,149","139,172","144,819","156,693","170,183","164,547","146,329","156,127","148,708","149,148","155,264","158,626","158,072","158,928"
440,Lithuania,,,,,,,,,,,,,,,,,,,,,"9,014","8,499","6,709","5,647","5,126","5,327","5,637","6,146","6,650","6,623","6,931","7,443","8,013","8,936","9,615","10,472","11,386","12,817","13,340","11,529","11,886","12,784","13,460","14,116","14,791","15,246","15,730"
442,Luxembourg,"33,927","34,572","36,546","39,235","40,536","37,574","38,247","38,587","39,925","40,669","40,870","40,562","40,985","42,186","44,736","45,849","50,183","51,826","55,756","60,637","63,180","67,831","68,175","70,069","71,730","74,864","74,831","77,978","81,554","87,357","93,505","94,981","97,825","98,619","101,164","103,001","106,540","113,212","109,371","102,249","104,772","104,942","102,127","103,463","107,153","108,192","109,783"
450,Madagascar,891,904,868,826,813,800,754,750,710,757,742,658,628,615,608,598,592,583,586,593,594,540,531,526,510,503,498,500,504,511,519,533,452,481,491,499,509,525,539,503,492,487,486,479,479,481,488
454,Malawi,323,360,386,384,401,411,424,429,450,451,479,416,412,418,420,420,405,377,366,362,365,385,352,388,342,369,396,400,393,386,380,352,352,362,372,373,379,403,421,443,459,467,451,465,481,481,481
458,Malaysia,"1,731","2,078","2,221","2,423","2,563","2,522","2,744","2,883","2,997","3,195","3,348","3,496","3,618","3,753","3,945","3,801","3,736","3,823","4,036","4,279","4,535","4,836","5,132","5,500","5,859","6,275","6,730","7,041","6,361","6,590","7,010","6,893","7,115","7,377","7,726","7,984","8,274","8,636","8,891","8,599","9,071","9,377","9,709","9,981","10,399","10,740","11,032"
462,Maldives,"1,366","1,394","1,380","1,354","1,384","1,233","1,204","1,302","1,452","1,559","1,791","1,933","1,809","2,027","2,480","2,703","2,856","3,005","3,162","3,348","3,776","3,950","4,082","4,222","4,394","4,601","4,862","5,171","5,457","5,683","5,777","5,421","5,670","6,282","6,485","5,485","6,737","7,069","7,538","6,806","7,100","7,490","7,459","7,777","8,125","8,106","8,417"
466,Mali,126,128,133,129,124,136,152,159,154,167,157,160,167,155,153,163,186,179,177,188,189,212,203,206,215,288,337,366,380,418,407,453,474,519,472,505,549,575,610,659,708,740,799,831,870,909,952
470,Malta,"3,539","3,626","3,834","3,987","4,376","5,213","6,073","6,775","7,482","8,207","8,716","8,926","9,045","8,904","8,901","9,046","9,314","9,614","10,336","11,088","11,687","12,314","12,783","13,243","13,872","14,624","15,042","15,691","16,350","16,983","18,002","17,999","18,436","18,816","18,815","19,442","19,711","20,409","21,000","20,388","21,005","21,188","21,615","22,477","24,180","25,764","27,075"
584,Marshall Islands,"1,969","1,928","1,859","2,373","2,615","2,510","2,426","2,402","2,454","2,420","2,161","2,205","2,212","2,440","2,419","2,163","2,568","2,679","2,762","2,612","2,597","2,537","2,668","2,790","2,924","3,136","2,792","2,628","2,541","2,473","2,616","2,755","2,831","2,841","2,841","2,925","2,966","3,071","3,016","2,958","3,143","3,188","3,299","3,368","3,329","3,345","3,437"
478,Mauritania,"1,192","1,166","1,134","1,092","1,151","1,232","1,277","1,236","1,111","1,188","1,162","1,174","1,054","1,049",998,"1,003","1,032","1,027","1,011","1,021",983,985,980,"1,036","1,057","1,002","1,075","1,001",997,"1,032",997,987,965,994,"1,021","1,082","1,250","1,249","1,228","1,181","1,202","1,218","1,253","1,292","1,324","1,327","1,312"
480,Mauritius,"1,557","1,601","1,704","1,877","1,997","1,991","2,392","2,506","2,559","2,608","2,313","2,419","2,524","2,509","2,606","2,762","3,009","3,293","3,492","3,622","3,843","3,955","4,144","4,291","4,410","4,546","4,723","4,945","5,195","5,284","5,671","5,818","5,878","6,184","6,417","6,497","6,779","7,134","7,485","7,704","8,016","8,322","8,597","8,873","9,191","9,493","9,827"
484,Mexico,"5,540","5,590","5,872","6,165","6,342","6,502","6,588","6,632","6,995","7,447","7,875","8,371","8,127","7,611","7,720","7,772","7,331","7,322","7,270","7,429","7,654","7,820","7,944","7,940","8,175","7,522","7,894","8,296","8,589","8,695","8,997","8,844","8,731","8,750","8,978","9,060","9,328","9,393","9,348","8,712","9,016","9,208","9,406","9,400","9,537","9,718","9,872"
583,Micronesia (FS of),"1,562","1,581","1,593","2,133","2,453","2,429","2,391","2,385","2,441","2,411","2,163","2,295","2,161","2,131","1,984","2,246","2,363","2,354","2,439","2,406","2,444","2,524","2,559","2,666","2,646","2,720","2,616","2,453","2,533","2,579","2,708","2,760","2,781","2,837","2,763","2,831","2,835","2,795","2,749","2,795","2,862","2,962","2,902","2,785","2,716","2,839","2,823"
492,Monaco,"85,467","89,141","91,906","96,155","98,682","96,311","99,183","101,469","104,382","106,836","107,112","106,597","107,451","106,977","107,019","107,538","109,286","111,599","116,630","121,388","124,386","124,894","125,876","123,964","125,666","127,183","127,799","129,597","133,048","136,383","140,422","141,937","142,341","142,183","144,473","144,715","150,405","168,627","166,079","143,648","144,561","153,123","153,460","167,315","178,571","186,540","191,575"
496,Mongolia,"1,022","1,039","1,045","1,105","1,119","1,159","1,171","1,229","1,287","1,308","1,356","1,433","1,513","1,561","1,611","1,657","1,764","1,775","1,815","1,846","1,764","1,576","1,410","1,356","1,377","1,453","1,475","1,521","1,562","1,598","1,600","1,633","1,693","1,793","1,961","2,079","2,229","2,426","2,605","2,533","2,650","3,054","3,366","3,686","3,902","3,924","3,895"
499,Montenegro,,,,,,,,,,,,,,,,,,,,,"6,488","5,780","4,411","2,792","2,828","3,231","4,127","4,409","4,626","4,253","4,879","4,936","5,028","5,147","5,366","5,579","6,043","6,437","6,883","6,467","6,628","6,829","6,634","6,861","6,977","7,208","7,415"
500,Montserrat,"5,263","5,380","5,462","5,600","5,795","6,042","5,941","5,838","6,289","6,893","7,507","7,863","8,343","7,942","8,304","8,901","9,255","9,722","10,751","11,200","12,028","11,149","11,083","10,765","11,578","11,056","8,904","7,914","7,741","8,585","9,773","10,716","11,285","11,099","11,191","11,218","10,981","11,237","11,692","11,603","11,228","11,723","12,065","12,583","12,756","12,745","12,932"
504,Morocco,"1,118","1,139","1,159","1,175","1,215","1,278","1,385","1,435","1,433","1,466","1,492","1,416","1,514","1,470","1,498","1,558","1,649","1,575","1,708","1,717","1,751","1,839","1,733","1,687","1,831","1,685","1,864","1,799","1,913","1,900","1,908","2,029","2,073","2,179","2,258","2,300","2,450","2,488","2,604","2,803","2,876","3,015","3,040","3,144","3,223","3,335","3,401"
508,Mozambique,179,188,193,197,204,203,209,203,199,200,203,201,189,161,163,147,149,156,164,174,173,177,162,169,173,171,210,226,247,259,257,281,297,307,321,339,362,377,392,405,419,436,454,473,493,511,515
104,Myanmar,150,151,148,147,147,150,155,159,165,169,178,185,191,195,200,201,195,184,160,164,166,162,176,184,196,207,217,226,235,257,289,318,352,397,446,503,564,628,688,755,826,866,921,990,"1,059","1,123","1,176"
516,Namibia,"4,051","4,137","4,091","4,123","4,289","4,269","4,226","4,131","4,157","4,224","4,409","4,359","4,251","4,078","3,958","3,848","3,878","3,847","3,710","3,620","3,551","3,707","3,847","3,674","3,629","3,660","3,664","3,704","3,717","3,744","3,791","3,767","3,890","4,006","4,446","4,507","4,771","4,969","5,036","4,979","5,192","5,351","5,502","5,679","5,901","6,114","6,045"
520,Nauru,"37,634","38,017","38,388","38,809","39,310","39,900","38,331","36,829","35,415","34,008","32,648","31,294","29,920","28,570","27,241","25,930","24,657","23,399","22,218","21,112","20,067","15,920","13,055","10,756","10,195","9,282","8,132","7,383","6,520","6,096","5,679","5,287","4,747","4,748","4,534","3,992","3,216","3,250","6,392","5,232","6,234","6,993","8,192","10,676","14,204","14,355","15,727"
524,Nepal,289,279,282,275,286,284,290,292,299,299,285,302,306,290,311,323,330,329,346,353,360,373,378,382,403,406,418,431,434,445,463,481,474,485,500,509,522,534,561,581,602,616,638,656,687,702,697
528,Netherlands,"24,075","24,839","25,186","26,366","27,222","27,015","28,083","28,417","28,890","29,297","30,079","29,685","29,170","29,629","30,383","31,003","31,688","32,109","33,009","34,248","35,450","36,076","36,446","36,658","37,495","38,417","39,543","41,000","42,610","44,509","46,131","46,841","46,621","46,492","47,185","47,969","49,436","51,057","51,731","49,608","50,135","50,804","50,111","49,865","50,424","51,415","52,400"
540,New Caledonia,"27,186","27,896","27,551","23,359","25,234","25,920","25,744","25,605","27,553","23,390","22,914","20,981","21,177","20,466","20,548","21,168","20,648","21,489","28,447","31,011","31,499","32,338","31,767","31,180","31,225","32,305","31,705","31,613","29,932","30,589","30,722","30,735","30,926","31,844","32,528","33,148","34,482","35,391","35,067","35,359","37,266","38,365","38,418","38,593","39,372","40,262","40,918"
554,New Zealand,"20,149","20,530","21,147","22,341","23,269","22,566","22,586","21,601","21,624","22,053","22,256","23,158","23,200","23,807","24,738","24,944","25,447","24,205","24,526","24,444","24,336","23,604","23,512","24,616","25,481","26,281","26,860","27,406","27,465","28,620","28,954","29,693","30,761","31,679","32,239","32,870","33,315","34,175","33,295","33,583","33,543","34,070","34,535","34,799","35,482","36,339","37,071"
558,Nicaragua,"2,151","2,189","2,190","2,232","2,439","2,417","2,462","2,538","2,286","1,632","1,658","1,699","1,639","1,670","1,602","1,500","1,450","1,408","1,206","1,160","1,134","1,107","1,087","1,060","1,072","1,113","1,162","1,186","1,209","1,273","1,305","1,324","1,316","1,331","1,384","1,424","1,464","1,519","1,550","1,480","1,526","1,603","1,687","1,750","1,813","1,880","1,946"
562,Niger,626,644,594,479,507,479,469,491,541,563,535,523,516,478,386,404,385,369,381,367,353,343,333,325,322,321,326,316,343,334,314,326,331,330,315,326,333,331,349,334,348,343,369,374,387,387,391
566,Nigeria,"1,102","1,230","1,287","1,333","1,439","1,411","1,468","1,542","1,453","1,371","1,362","1,314","1,258","1,145","1,101","1,195","1,186","1,148","1,203","1,255","1,362","1,328","1,329","1,316","1,294","1,289","1,310","1,314","1,318","1,292","1,327","1,351","1,599","1,718","1,850","1,920","1,984","2,057","2,129","2,216","2,327","2,377","2,413","2,476","2,563","2,563","2,456"
578,Norway,"32,265","33,840","35,386","36,737","37,939","39,597","41,701","43,255","44,764","46,565","48,533","49,153","49,117","50,908","53,811","56,596","58,655","59,432","59,013","59,341","60,186","61,720","63,581","65,025","67,921","70,332","73,427","76,834","78,368","79,472","81,557","82,820","83,588","83,912","86,701","88,321","89,649","91,414","90,857","88,288","87,831","87,578","88,806","88,583","89,221","89,938","89,970"
512,Oman,"6,052","5,908","6,226","5,152","6,332","7,773","8,573","9,566","10,656","10,512","10,544","11,708","12,360","13,229","14,331","15,674","15,366","14,219","14,445","14,338","14,930","15,150","15,695","15,945","15,970","16,317","16,546","17,466","17,921","17,788","18,505","19,308","18,773","17,881","17,672","17,632","18,063","18,302","19,112","19,409","19,281","17,914","18,300","17,830","17,132","17,071","16,698"
586,Pakistan,465,460,454,471,482,483,491,494,517,525,552,571,589,608,618,643,657,677,706,719,730,745,782,775,784,802,820,808,809,819,835,833,842,864,909,959,997,"1,024","1,021","1,028","1,023","1,029","1,043","1,066","1,093","1,121","1,162"
585,Palau,"9,405","9,276","9,152","9,023","8,921","8,864","8,855","9,026","9,035","9,023","8,938","8,765","8,542","8,474","8,627","8,881","9,170","9,495","9,839","10,186","10,504","10,745","10,709","9,135","9,531","10,217","11,011","11,198","11,183","10,580","10,293","10,382","10,789","10,736","10,764","10,735","10,396","10,337","9,685","8,750","8,956","9,354","9,640","9,368","9,797","10,811","10,910"
591,Panama,"3,054","3,253","3,309","3,392","3,380","3,344","3,310","3,263","3,494","3,562","4,006","4,262","4,324","4,161","4,156","4,271","4,365","4,400","3,870","3,848","4,073","4,364","4,625","4,778","4,814","4,799","4,834","5,043","5,305","5,403","5,442","5,368","5,384","5,505","5,810","6,114","6,515","7,174","7,653","7,638","7,937","8,720","9,360","9,810","10,229","10,642","10,981"
598,Papua New Guinea,"1,896","1,922","1,978","1,970","1,961","1,902","1,796","1,667","1,761","1,743","1,656","1,606","1,574","1,584","1,526","1,539","1,583","1,585","1,591","1,529","1,446","1,544","1,715","1,976","2,041","1,924","1,998","1,824","1,860","1,846","1,755","1,710","1,701","1,731","1,698","1,722","1,720","1,802","1,774","1,839","1,998","2,021","2,057","2,086","2,192","2,289","2,299"
600,Paraguay,"1,328","1,370","1,427","1,498","1,587","1,660","1,737","1,878","2,038","2,209","2,395","2,532","2,436","2,295","2,298","2,322","2,257","2,289","2,368","2,439","2,449","2,445","2,428","2,468","2,484","2,559","2,512","2,530","2,490","2,402","2,276","2,278","2,572","2,635","2,696","2,710","2,798","2,909","3,052","2,893","3,228","3,324","3,238","3,644","3,765","3,826","3,926"
604,Peru,"3,382","3,443","3,470","3,592","3,827","3,888","3,840","3,753","3,558","3,609","3,728","3,839","3,739","3,272","3,312","3,303","3,533","3,791","3,357","2,881","2,680","2,683","2,615","2,700","2,976","3,141","3,176","3,329","3,267","3,268","3,311","3,287","3,422","3,520","3,649","3,831","4,070","4,363","4,703","4,696","5,022","5,271","5,521","5,766","5,824","5,936","6,089"
608,Philippines,"1,257","1,288","1,319","1,396","1,406","1,443","1,527","1,568","1,605","1,649","1,687","1,698","1,712","1,697","1,530","1,381","1,390","1,412","1,468","1,519","1,526","1,480","1,449","1,445","1,473","1,507","1,559","1,603","1,559","1,573","1,607","1,619","1,643","1,690","1,768","1,818","1,880","1,971","2,020","2,011","2,130","2,171","2,279","2,400","2,506","2,616","2,753"
616,Poland,"4,523","4,821","5,008","5,176","5,499","5,777","6,181","6,560","6,852","7,051","6,566","5,855","5,524","5,778","6,052","6,227","6,451","6,545","6,788","6,774","5,972","5,535","5,657","5,853","6,149","6,564","6,952","7,395","7,732","8,090","8,462","8,573","8,757","9,080","9,557","9,899","10,517","11,260","11,740","12,071","12,507","13,136","13,348","13,537","13,987","14,535","14,968"
620,Portugal,"8,749","9,277","9,919","10,884","10,848","10,227","10,780","11,229","11,399","11,907","12,338","12,448","12,650","12,586","12,326","12,662","13,189","14,048","15,122","16,109","16,737","17,432","17,560","17,123","17,205","17,860","18,408","19,146","19,987","20,683","21,378","21,701","21,775","21,482","21,786","21,875","22,143","22,630","22,629","21,937","22,371","22,018","21,218","21,086","21,389","21,889","22,326"
630,Puerto Rico,"11,059","11,608","12,280","12,803","12,594","12,065","12,481","13,064","13,688","14,288","14,291","14,253","13,656","13,572","14,421","14,578","15,629","16,258","17,176","17,872","18,382","18,626","19,285","19,982","20,620","21,370","21,691","22,585","23,689","24,851","25,594","27,189","27,466","27,543","28,461","27,976","27,658","27,408","26,971","26,511","26,470","26,444","26,519","26,501","26,243","26,000","25,363"
634,Qatar,"87,183","87,950","89,379","90,869","89,085","88,179","90,362","79,809","82,519","81,241","73,781","67,135","55,927","49,214","46,683","42,045","41,300","38,931","39,236","40,047","40,147","38,585","42,261","41,198","41,327","41,795","42,884","54,471","58,840","59,312","61,605","61,452","62,930","61,202","66,208","62,445","67,440","67,581","68,087","66,576","69,466","71,578","69,338","67,864","66,880","66,266","65,412"
410,South Korea,"1,817","1,967","2,066","2,328","2,502","2,653","2,954","3,269","3,570","3,825","3,707","3,916","4,178","4,663","5,079","5,405","5,945","6,618","7,335","7,776","8,454","9,232","9,696","10,246","11,068","12,001","12,782","13,409","12,560","13,862","14,984","15,555","16,609","17,004","17,752","18,369","19,245","20,228","20,734","20,813","22,088","22,812","23,238","23,808","24,498","25,078","25,686"
498,Republic of Moldova,,,,,,,,,,,,,,,,,,,,,"2,320","1,911","1,355","1,341",929,920,871,891,839,817,838,893,965,"1,030","1,107","1,193","1,254","1,297","1,404","1,325","1,423","1,522","1,513","1,656","1,736","1,730","1,807"
642,Romania,"2,310","2,581","2,824","3,085","3,430","3,747","4,123","4,428","4,709","4,967","5,143","5,120","5,298","5,597","5,910","5,881","5,992","6,014","5,959","5,599","5,281","4,605","4,216","4,302","4,498","4,851","5,074","4,866","4,802","4,819","4,970","5,283","5,589","5,932","6,469","6,789","7,401","7,987","8,752","8,214","8,219","8,366","8,471","8,815","9,129","9,535","10,044"
643,Russian Federation,,,,,,,,,,,,,,,,,,,,,"9,594","9,085","7,753","7,073","6,176","5,928","5,722","5,813","5,517","5,886","6,500","6,858","7,214","7,773","8,362","8,922","9,669","10,507","11,064","10,198","10,652","11,098","11,476","11,608","11,681","11,340","11,309"
646,Rwanda,311,306,298,299,293,278,322,327,348,368,387,395,389,399,369,370,369,352,340,329,342,338,379,369,198,268,298,320,322,319,327,342,378,380,402,431,460,482,522,539,563,592,628,641,673,715,739
659,Saint Kitts and Nevis,"2,799","3,005","3,162","3,290","3,470","3,566","3,795","4,051","4,252","4,595","5,004","5,088","5,138","5,229","5,713","6,246","6,960","7,464","8,234","8,740","9,172","8,936","9,239","9,772","10,163","10,618","11,118","11,757","11,554","11,811","12,915","13,438","13,593","12,917","13,198","14,166","14,252","14,059","14,780","14,178","13,708","13,886","13,649","14,340","15,034","15,474","15,662"
662,Saint Lucia,"2,462","2,557","2,597","2,610","2,731","2,819","3,303","3,556","3,766","3,811","3,545","3,586","3,645","3,798","4,003","4,237","4,864","4,904","5,498","5,798","5,873","5,824","6,171","6,117","6,152","6,145","6,491","6,380","6,693","6,758","6,657","6,349","6,297","6,550","7,026","6,846","7,341","7,216","7,383","7,352","7,210","7,247","7,090","7,026","7,022","7,126","7,143"
882,Samoa,"2,098","2,345","2,352","2,497","2,210","2,110","2,291","2,261","2,390","2,693","2,517","2,277","2,239","2,235","2,251","2,328","2,448","2,453","2,412","2,492","2,370","2,298","2,273","2,343","2,262","2,379","2,541","2,563","2,608","2,678","2,854","3,067","3,146","3,304","3,428","3,578","3,576","3,772","3,698","3,523","3,648","3,748","3,634","3,624","3,662","3,741","3,931"
674,San Marino,"33,031","33,344","34,405","36,728","38,558","37,421","39,596","39,978","40,546","42,206","42,977","42,730","42,365","42,345","43,234","43,949","44,708","45,640","47,035","48,068","48,405","48,458","48,146","51,543","54,331","58,551","60,618","62,943","66,941","72,217","72,927","76,062","75,281","77,200","79,719","80,525","82,573","84,423","84,759","73,028","68,767","61,481","56,127","53,773","52,688","52,469","52,606"
678,Sao Tome and Principe,883,909,912,909,941,968,958,"1,148","1,146","1,296","1,251","1,099","1,113","1,053",974,"1,047",968,923,924,934,896,888,875,866,867,867,864,857,863,869,855,863,860,899,911,953,"1,015","1,024","1,083","1,084","1,130","1,153","1,163","1,191","1,241","1,260","1,234"
682,Saudi Arabia,"22,134","25,517","29,931","35,394","39,125","33,860","37,905","38,557","34,657","36,677","36,518","34,979","26,018","20,513","18,427","15,735","17,509","15,609","16,922","16,195","18,003","20,040","20,227","19,414","19,041","18,649","18,745","18,588","18,764","17,691","18,263","17,585","16,619","17,955","18,823","19,309","19,305","19,136","19,793","18,861","19,260","20,575","21,056","21,005","21,183","21,508","21,323"
686,Senegal,935,906,934,856,866,906,962,913,836,894,843,810,907,900,838,843,855,862,879,840,847,818,811,770,770,784,804,810,837,908,875,893,876,911,939,966,963,984,993,989,"1,001",989,998,"1,006","1,017","1,054","1,092"
688,Serbia,,,,,,,,,,,,,,,,,,,,,"5,276","4,619","3,286","2,264","2,307","2,433","2,499","2,698","2,792","3,150","3,406","3,582","3,839","4,018","4,392","4,650","4,897","5,206","5,509","5,359","5,412","5,529","5,500","5,669","5,592","5,663","5,852"
690,Seychelles,"3,236","3,655","3,785","4,020","3,968","3,992","4,530","4,806","5,112","5,761","5,486","5,045","4,906","4,770","5,112","5,607","5,663","5,910","6,227","6,853","7,313","7,422","7,825","8,152","7,938","7,764","7,811","8,899","9,807","9,889","9,743","9,362","9,296","8,535","8,212","8,824","9,556","10,479","10,209","10,057","10,612","11,130","11,483","12,111","12,594","13,152","13,276"
694,Sierra Leone,563,554,548,555,562,550,533,526,533,547,550,558,555,542,551,549,541,546,544,549,561,513,464,467,486,438,329,270,265,238,241,274,331,345,351,353,356,374,385,388,399,415,467,551,563,437,454
702,Singapore,"6,514","7,167","7,987","8,717","9,128","9,407","9,978","10,604","11,397","12,307","13,321","14,453","15,137","16,031","17,022","16,520","16,388","17,790","19,374","20,887","22,430","23,284","24,208","26,195","28,218","29,390","30,829","32,626","31,196","32,343","34,362","33,147","33,603","34,118","36,343","38,013","40,296","42,847","42,547","41,316","46,592","48,519","49,490","51,094","52,069","52,242","52,458"
534,Sint Maarten (Dutch part),,,,,,,,,,,,,,,,,,,,,,,,,,,,,,,,,,,,"24,747","25,945","27,070","27,404","27,177","27,065","26,450","25,937","25,331","24,875","24,322","23,941"
703,Slovakia,,,,,,,,,,,,,,,,,,,,,"9,646","8,211","7,641","7,760","8,217","8,677","9,247","9,797","10,182","10,157","10,277","10,616","11,096","11,698","12,314","13,146","14,259","15,799","16,687","15,777","16,561","17,010","17,269","17,501","17,957","18,626","19,228"
705,Slovenia,,,,,,,,,,,,,,,,,,,,,"15,381","14,002","13,253","13,662","14,427","15,051","15,599","16,406","16,945","17,835","18,575","19,124","19,858","20,416","21,278","22,076","23,237","24,730","25,407","23,301","23,477","23,534","22,828","22,507","23,125","23,602","24,309"
90,Solomon Islands,854,866,854,897,"1,038",913,"1,001","1,079","1,142","1,343","1,216","1,255","1,201","1,079","1,121","1,118","1,078","1,072","1,099","1,142","1,185","1,181","1,279","1,264","1,328","1,420","1,403","1,341","1,346","1,289","1,076",964,913,947,998,"1,098","1,115","1,269","1,286","1,260","1,363","1,419","1,425","1,437","1,435","1,431","1,448"
706,Somalia,198,200,230,200,195,209,186,187,177,153,146,149,151,133,137,149,144,155,151,148,144,141,124,123,97,95,96,91,90,90,89,89,90,90,91,91,90,90,90,89,89,89,88,88,88,88,87
710,South Africa,"6,031","6,117","6,047","6,150","6,349","6,286","6,263","6,100","6,128","6,203","6,448","6,622","6,428","6,151","6,307","6,085","5,952","5,949","6,072","6,087","5,935","5,740","5,486","5,424","5,475","5,529","5,658","5,707","5,644","5,689","5,839","5,913","6,047","6,144","6,344","6,600","6,893","7,187","7,339","7,147","7,276","7,418","7,477","7,553","7,573","7,567","7,490"
728,South Sudan,,,,,,,,,,,,,,,,,,,,,,,,,,,,,,,,,,,,,,,"1,557","1,601","1,510","1,482",694,875,"1,036","1,057","1,030"
724,Spain,"13,477","13,946","14,911","15,887","16,587","16,491","16,849","17,143","17,219","17,067","17,300","17,152","17,258","17,470","17,702","18,044","18,573","19,553","20,505","21,451","22,214","22,723","22,869","22,563","23,028","23,588","24,147","24,962","25,932","26,930","28,102","28,882","29,294","29,754","30,202","30,835","31,632","32,340","32,273","30,799","30,598","30,214","29,362","28,960","29,470","30,563","31,598"
144,Sri Lanka,711,700,708,719,734,745,759,776,828,863,901,936,970,"1,002","1,038","1,074","1,104","1,106","1,121","1,128","1,183","1,226","1,265","1,338","1,400","1,466","1,510","1,599","1,666","1,728","1,820","1,783","1,841","1,934","2,023","2,132","2,279","2,416","2,543","2,616","2,808","3,027","3,286","3,381","3,532","3,687","3,832"
670,St. Vincent and the Grenadines,"2,014","2,052","2,553","2,244","2,023","1,849","2,019","2,055","2,233","2,287","2,321","2,407","2,495","2,530","2,677","2,822","2,960","2,953","3,348","3,378","3,505","3,534","3,753","3,835","3,755","4,035","4,102","4,255","4,473","4,664","4,748","4,828","5,123","5,506","5,724","5,857","6,299","6,499","6,595","6,451","6,232","6,204","6,291","6,406","6,467","6,578","6,651"
275,Palestine,802,898,"1,018",941,"1,104","1,078","1,207","1,163","1,280","1,229","1,371","1,249","1,317","1,228","1,250","1,203","1,389","1,308","1,245","1,226","1,402","1,288","1,529","1,617","1,793","1,835","1,774","1,942","2,125","2,213","1,959","1,730","1,483","1,660","1,799","1,953","1,834","1,907","1,970","2,083","2,192","2,398","2,479","2,466","2,395","2,410","2,442"
729,Sudan,,,,,,,,,,,,,,,,,,,,,,,,,,,,,,,,,,,,,,,"1,395","1,488","1,584","1,544","1,475","1,517","1,505","1,542","1,551"
736,Sudan (Former),813,806,743,725,783,877,990,"1,018",926,850,834,866,854,785,712,728,808,784,831,766,802,833,849,835,862,890,917,946,996,"1,010","1,064","1,146","1,181","1,233","1,262","1,339","1,389","1,431","1,425","1,508","1,567",,,,,,
740,Suriname,"4,747","5,033","5,285","5,537","5,188","5,746","6,288","6,942","7,313","6,870","6,270","6,704","6,410","6,137","5,983","6,749","6,537","5,950","6,338","6,491","6,114","6,164","6,077","5,574","5,671","5,586","5,564","5,807","5,871","5,721","5,772","5,947","6,045","6,355","6,790","6,981","7,305","7,596","7,827","7,979","8,303","8,698","8,841","9,009","8,943","8,627","8,108"
748,Swaziland,"1,224","1,234","1,350","1,356","1,567","2,024","2,220","2,174","2,135","2,115","2,100","2,180","2,150","2,076","2,060","2,025","2,305","2,429","2,503","2,632","2,795","2,767","2,792","2,822","2,836","2,914","2,961","2,985","2,997","3,028","2,953","2,952","3,059","3,159","3,250","3,278","3,406","3,485","3,519","3,621","3,688","3,694","3,825","3,978","4,053","4,147","4,072"
752,Sweden,"26,425","26,539","27,043","28,031","28,848","29,500","29,718","29,147","29,562","30,613","31,072","31,179","31,554","32,142","33,469","34,122","34,926","35,943","36,672","37,427","37,476","36,798","36,114","35,125","36,347","37,646","38,120","39,182","40,829","42,668","44,646","45,261","46,081","47,019","48,836","49,946","51,956","53,333","52,613","49,475","52,009","52,968","52,401","52,641","53,599","55,597","57,002"
756,Switzerland,"49,674","51,264","52,495","53,742","54,270","50,197","49,500","50,817","51,184","52,584","55,029","55,802","54,848","54,891","56,193","57,901","58,633","59,218","60,783","62,966","64,735","63,513","62,793","62,020","62,179","61,968","61,927","63,102","64,776","65,658","67,969","68,522","68,243","67,821","69,178","70,726","72,848","75,052","75,809","73,252","74,538","74,859","74,659","75,097","76,030","76,129","76,423"
760,Syrian Arab Republic,"1,170","1,243","1,502","1,327","1,592","1,839","1,973","1,883","1,980","1,983","2,145","2,267","2,234","2,186","2,025","2,077","1,910","1,886","2,071","1,667","1,692","1,773","1,955","1,999","2,084","2,169","2,316","2,365","2,457","2,308","2,268","2,304","2,438","2,407","2,516","2,601","2,643","2,691","2,715","2,807","2,877","2,715","2,153","1,669","1,729","1,678","1,648"
762,Tajikistan,,,,,,,,,,,,,,,,,,,,,"1,293","1,175",819,673,522,450,370,370,384,392,418,450,489,533,576,602,628,662,697,709,738,739,777,816,852,883,924
807,TFYR of Macedonia,,,,,,,,,,,,,,,,,,,,,"3,561","3,454","3,180","3,148","3,094","3,057","3,084","3,112","3,197","3,316","3,449","3,330","3,370","3,437","3,591","3,755","3,942","4,193","4,418","4,399","4,543","4,646","4,621","4,752","4,920","5,105","5,249"
764,Thailand,923,941,952,"1,017","1,033","1,056","1,127","1,209","1,306","1,346","1,382","1,434","1,483","1,537","1,596","1,640","1,700","1,828","2,035","2,247","2,463","2,639","2,854","3,074","3,290","3,522","3,681","3,538","3,228","3,338","3,453","3,537","3,731","3,969","4,190","4,337","4,525","4,744","4,801","4,744","5,075","5,094","5,437","5,561","5,590","5,734","5,963"
626,Timor-Leste,,,,,,,,,,,,,,,,,,,,,670,718,765,815,872,938,"1,034","1,082","1,067",690,777,807,745,712,"1,592","2,360","3,709","3,637","4,026","3,711","3,604","3,955","4,053","3,525","2,546","3,008","3,090"
768,Togo,801,830,836,781,796,774,753,778,837,865,802,728,676,618,630,631,630,595,636,643,663,648,612,501,557,579,606,610,578,575,553,542,548,569,549,510,510,490,497,510,527,546,566,585,604,622,637
776,Tonga,"1,338","1,351","1,370","1,387","1,414","1,437","1,434","1,486","1,496","1,509","1,734","1,967","2,252","2,381","2,420","2,576","2,625","2,697","2,638","2,641","2,581","2,741","2,744","2,842","2,977","3,089","3,078","3,043","3,120","3,239","3,324","3,410","3,512","3,564","3,530","3,563","3,512","3,344","3,426","3,484","3,590","3,675","3,694","3,566","3,624","3,738","3,837"
780,Trinidad and Tobago,"6,463","6,459","6,745","6,760","6,915","6,916","7,259","7,812","8,478","8,661","9,417","9,694","9,901","8,739","8,115","7,679","7,345","6,945","6,619","6,517","6,570","6,703","6,552","6,421","6,618","6,855","7,318","7,866","8,495","9,157","9,764","10,137","10,894","12,406","13,326","14,083","15,910","16,544","17,026","16,201","16,658","16,525","16,654","16,947","16,697","16,658","16,222"
788,Tunisia,"1,237","1,330","1,533","1,489","1,574","1,649","1,740","1,758","1,828","1,901","1,990","2,043","1,976","2,010","2,066","2,125","2,031","2,080","2,065","2,089","2,188","2,223","2,345","2,347","2,375","2,389","2,520","2,621","2,718","2,850","2,943","3,059","3,086","3,230","3,396","3,502","3,666","3,857","3,987","4,066","4,140","4,015","4,124","4,170","4,219","4,217","4,211"
792,Turkey,"4,216","4,345","4,558","4,595","4,739","4,961","5,356","5,414","5,374","5,222","4,981","5,105","5,168","5,304","5,537","5,652","5,929","6,368","6,384","6,286","6,750","6,698","6,983","7,424","6,908","7,288","7,676","8,124","8,244","7,843","8,237","7,631","8,003","8,332","9,010","9,692","10,251","10,638","10,599","9,973","10,672","11,683","12,052","12,866","13,312","13,898","14,117"
795,Turkmenistan,,,,,,,,,,,,,,,,,,,,,"3,713","3,444","2,845","2,808","2,264","2,054","2,151","1,876","1,983","2,283","2,381","2,459","2,440","2,495","2,594","2,900","3,181","3,489","3,949","4,130","4,439","5,006","5,463","5,910","6,399","6,694","6,987"
796,Turks and Caicos Islands,"3,975","4,304","4,629","4,952","5,290","5,673","6,113","6,604","7,135","7,666","8,195","8,677","9,149","9,627","10,159","10,757","11,454","12,223","13,075","13,952","14,698","15,344","15,860","16,694","17,823","18,212","19,153","19,879","21,285","22,176","22,019","22,038","20,698","21,018","21,901","23,704","26,738","27,262","28,675","22,486","22,159","22,644","21,594","21,431","22,002","22,509","23,121"
798,Tuvalu,"1,660","1,616","1,569","1,522","1,481","1,447","1,422","1,357","1,320","1,302","1,279","1,296","1,072","1,150","1,219","1,180","1,430","1,592","1,886","1,836","2,105","2,169","2,216","2,295","2,522","2,386","2,237","2,357","2,814","2,787","3,134","3,288","3,285","3,140","3,048","2,884","2,935","3,089","3,303","3,128","3,005","3,213","3,062","3,174","3,190","3,453","3,527"
835,U.R. of Tanzania: Mainland,443,447,462,461,458,470,484,471,462,463,462,446,434,411,412,418,413,420,425,428,445,455,455,459,458,460,466,466,474,485,495,511,533,554,580,604,614,645,659,673,694,726,739,769,796,826,856
800,Uganda,404,403,392,382,372,357,347,342,318,270,253,255,267,276,255,246,241,248,258,266,273,278,282,292,313,332,341,349,370,382,388,408,422,433,442,470,486,507,541,558,584,597,596,603,610,624,618
804,Ukraine,,,,,,,,,,,,,,,,,,,,,"4,176","3,812","3,436","2,953","2,283","2,016","1,825","1,784","1,765","1,778","1,901","2,087","2,218","2,449","2,759","2,864","3,099","3,370","3,461","2,949","2,970","3,147","3,171","3,186","2,993","2,714","2,790"
784,United Arab Emirates,"127,090","122,913","117,917","113,119","109,133","98,580","97,172","98,686","84,594","94,575","109,200","104,437","90,291","81,405","80,707","74,669","57,172","57,306","52,718","56,437","62,735","59,746","58,294","55,800","57,444","59,115","59,605","61,668","59,622","59,112","62,828","60,415","58,688","59,848","60,023","56,181","53,909","48,245","43,645","37,191","35,038","35,551","36,408","38,064","39,034","40,160","40,864"
826,United Kingdom,"17,943","18,510","19,257","20,469","19,934","19,619","20,177","20,664","21,532","22,338","21,884","21,711","22,140","23,060","23,562","24,516","25,234","26,509","27,957","28,595","28,724","28,334","28,363","29,001","30,043","30,696","31,379","32,540","33,447","34,404","35,542","36,323","37,091","38,176","38,880","39,816","40,448","40,989","40,360","38,272","38,561","38,811","39,118","39,679","40,655","41,367","41,858"
840,United States,"22,784","23,326","24,333","25,477","25,118","24,841","25,938","26,880","28,108","28,726","28,386","28,850","28,033","29,057","30,875","31,884","32,695","33,509","34,588","35,521","35,856","35,486","36,394","37,024","38,119","38,768","39,769","41,044","42,341","43,797","45,085","45,066","45,447","46,317","47,658","48,820","49,667","50,085","49,482","47,684","48,485","48,879","49,602","50,082","51,016","52,114","52,518"
858,Uruguay,"5,546","5,536","5,444","5,463","5,630","5,948","6,160","6,198","6,482","6,834","7,195","7,283","6,556","6,133","6,027","6,077","6,573","7,050","7,006","7,050","7,067","7,240","7,842","7,987","8,507","8,323","8,723","9,089","9,439","9,208","8,998","8,637","7,967","8,036","8,443","9,068","9,425","10,015","10,698","11,112","11,938","12,513","12,913","13,467","13,857","13,859","14,010"
810,USSR (Former),"3,168","3,303","3,365","3,593","3,732","3,797","3,996","4,167","4,342","4,450","4,627","4,830","5,154","5,346","5,513","5,540","5,574","5,638","5,880","6,233","6,717",,,,,,,,,,,,,,,,,,,,,,,,,,
860,Uzbekistan,,,,,,,,,,,,,,,,,,,,,"1,002",973,845,807,749,727,726,750,770,792,811,836,860,886,940,992,"1,051","1,133","1,217","1,294","1,382","1,472","1,567","1,666","1,770","1,880","1,963"
548,Vanuatu,"1,376","1,370","1,364","1,545","2,014","1,863","1,841","1,768","2,018","2,038","1,756","1,784","1,928","2,485","2,596","2,566","2,456","2,411","2,368","2,390","2,439","2,660","2,565","2,603","2,598","2,655","2,666","2,679","2,689","2,662","2,744","2,628","2,522","2,523","2,557","2,625","2,778","2,851","2,962","2,988","2,966","2,933","2,917","2,908","2,909","2,891","2,943"
862,Venezuela (Bolivarian Republic of),"12,739","12,746","12,787","13,210","13,626","14,056","14,868","15,431","15,329","15,112","14,413","13,989","13,715","12,609","12,117","11,828","12,275","12,391","12,784","11,401","11,849","12,701","13,169","12,917","12,344","12,565","12,285","12,807","12,594","11,616","11,818","11,994","10,734","9,725","11,303","12,257","13,242","14,166","14,675","13,984","13,566","13,924","14,496","14,485","13,730","12,704","10,475"
704,Viet Nam,266,270,269,259,260,261,284,315,314,328,310,320,338,354,375,387,391,392,403,412,424,440,468,496,530,571,615,655,684,708,748,791,839,892,950,"1,012","1,073","1,139","1,192","1,244","1,310","1,377","1,433","1,494","1,565","1,651","1,735"
887,"Yemen, Rep.",,,,,,,,,,,,,,,,,,,,660,753,719,717,709,691,773,899,916,932,947,991,"1,020","1,041","1,071","1,089","1,114","1,134","1,141","1,155","1,172","1,230",973,968,976,850,587,517
886,Yemen Arab Republic (Former),458,483,541,562,613,666,692,745,763,771,785,779,823,818,804,817,831,842,846,853,859,,,,,,,,,,,,,,,,,,,,,,,,,,
720,Yemen Democratic (Former),541,467,451,374,358,326,404,470,530,527,588,615,689,695,712,669,567,567,573,619,599,,,,,,,,,,,,,,,,,,,,,,,,,,
890,Yugoslavia (Former),"4,626","5,009","5,062","5,157","5,871","5,842","6,094","6,556","7,086","7,365","7,470","7,510","7,485","7,323","7,377","7,400","7,656","7,757","7,583","7,674","6,775",,,,,,,,,,,,,,,,,,,,,,,,,,
894,Zambia,"1,612","1,592","1,689","1,605","1,603","1,538","1,527","1,430","1,369","1,271","1,277","1,224","1,212","1,206","1,161","1,124","1,119","1,117","1,106","1,086","1,065","1,018",975,"1,015",904,906,936,944,913,929,938,961,978,"1,018","1,061","1,108","1,163","1,227","1,286","1,365","1,463","1,500","1,566","1,596","1,621","1,618","1,627"
836,Zanzibar,,,,,,,,,,,,,,,,,,,,,332,341,353,364,370,372,419,567,423,443,445,472,493,507,524,534,530,562,567,582,587,621,656,662,711,715,760
716,Zimbabwe,696,732,768,765,758,741,712,648,615,618,661,716,708,692,653,673,663,647,673,687,715,736,669,669,694,683,736,735,727,691,626,618,575,526,501,475,451,430,403,630,714,813,903,929,933,924,908
